{
  "name": "actinium",
  "fullName": "Actinium",
  "originalMod": "gregapi",
  "oreMultiplier": 1,
  "oreProgressingMultiplier": 1,
  "toolTypes": 0,
  "toolQuality": 0,
  "burnTime": 0,
  "toolDurability": 0,
  "toolSpeed": 1,
  "heatDamage": 0,
  "hidden": true,
  "gramPerCubicCentimeter": 10.07,
  "colorSolid": -1,
  "colorLiquid": -1,
  "colorGas": -1,
  "colorPlasma": -1,
  "meltingPoint": 1323,
  "boilingPoint": 3471,
  "plasmaPoint": 347100,
  "neutrons": 136,
  "protons": 89,
  "electrons": 89,
  "mass": 225,
  "byProducts": [],
  "alloyComponentReferences": [],
  "tags": [
    "ITEMGENERATOR.DENSEPLATES",
    "PROPERTIES.UNUSED_MATERIAL",
    "ATOMIC.ELEMENT",
    "ATOMIC.METAL",
    "ITEMGENERATOR.ORES",
    "PROCESSING.EXTRUDABLE",
    "ITEMGENERATOR.DUSTS",
    "ATOMIC.ACTINIDE",
    "PROCESSING.SMITHABLE",
    "ITEMGENERATOR.FOILS",
    "PROCESSING.MELTING",
    "ITEMGENERATOR.STICKS",
    "ITEMGENERATOR.ARMORS",
    "ITEMGENERATOR.INGOTS",
    "ITEMGENERATOR.PLATES",
    "ITEMGENERATOR.PLANTS",
    "ITEMGENERATOR.PROJECTILES",
    "ITEMGENERATOR.INGOTS_HOT",
    "ITEMGENERATOR.DIRTY_DUSTS",
    "ITEMGENERATOR.MULTIINGOTS",
    "ITEMGENERATOR.MULTIPLATES"
  ],
  "tooltipChemical": "Ac",
  "handleMaterial": "any_wood_or_plastic",
  "crushing": {
    "material": "actinium",
    "amount": 648648000
  },
  "pulver": {
    "material": "actinium",
    "amount": 648648000
  },
  "smelting": {
    "material": "actinium",
    "amount": 648648000
  },
  "solidifying": {
    "material": "actinium",
    "amount": 648648000
  },
  "smashing": {
    "material": "actinium",
    "amount": 648648000
  },
  "cutting": {
    "material": "actinium",
    "amount": 648648000
  },
  "working": {
    "material": "actinium",
    "amount": 648648000
  },
  "forging": {
    "material": "actinium",
    "amount": 648648000
  },
  "burning": {
    "material": "actinium",
    "amount": 0
  },
  "bending": {
    "material": "actinium",
    "amount": 648648000
  },
  "compressing": {
    "material": "actinium",
    "amount": 648648000
  },
  "textureSet": "METALLIC"
}