{
  "name": "adamantite",
  "fullName": "Adamantite",
  "originalMod": "GalaxySpace",
  "oreMultiplier": 1,
  "oreProgressingMultiplier": 1,
  "toolTypes": 3,
  "toolQuality": 3,
  "burnTime": 0,
  "toolDurability": 2560,
  "toolSpeed": 6,
  "heatDamage": 0,
  "hidden": true,
  "gramPerCubicCentimeter": 1,
  "colorSolid": -66,
  "colorLiquid": -66,
  "colorGas": -66,
  "colorPlasma": -66,
  "meltingPoint": 1000,
  "boilingPoint": 3000,
  "plasmaPoint": 10000,
  "neutrons": 55,
  "protons": 43,
  "electrons": 43,
  "mass": 98,
  "byProducts": [],
  "alloyComponentReferences": [],
  "tags": [
    "ITEMGENERATOR.DENSEPLATES",
    "ITEMGENERATOR.ORES",
    "PROCESSING.EXTRUDABLE",
    "ITEMGENERATOR.DUSTS",
    "ITEMGENERATOR.PARTS",
    "PROCESSING.SMITHABLE",
    "ITEMGENERATOR.FOILS",
    "PROCESSING.MELTING",
    "ITEMGENERATOR.STICKS",
    "ITEMGENERATOR.ARMORS",
    "ITEMGENERATOR.INGOTS",
    "ITEMGENERATOR.PLATES",
    "ITEMGENERATOR.PLANTS",
    "ITEMGENERATOR.PROJECTILES",
    "ITEMGENERATOR.INGOTS_HOT",
    "PROPERTIES.HAS_TOOL_STATS",
    "ITEMGENERATOR.DIRTY_DUSTS",
    "ITEMGENERATOR.MULTIINGOTS",
    "ITEMGENERATOR.MULTIPLATES"
  ],
  "handleMaterial": "any_wood_or_plastic",
  "crushing": {
    "material": "adamantite",
    "amount": 648648000
  },
  "pulver": {
    "material": "adamantite",
    "amount": 648648000
  },
  "smelting": {
    "material": "adamantite",
    "amount": 648648000
  },
  "solidifying": {
    "material": "adamantite",
    "amount": 648648000
  },
  "smashing": {
    "material": "adamantite",
    "amount": 648648000
  },
  "cutting": {
    "material": "adamantite",
    "amount": 648648000
  },
  "working": {
    "material": "adamantite",
    "amount": 648648000
  },
  "forging": {
    "material": "adamantite",
    "amount": 648648000
  },
  "burning": {
    "material": "adamantite",
    "amount": 0
  },
  "bending": {
    "material": "adamantite",
    "amount": 648648000
  },
  "compressing": {
    "material": "adamantite",
    "amount": 648648000
  },
  "textureSet": "METALLIC"
}