{
  "name": "adamantine",
  "fullName": "Adamantine",
  "originalMod": "Metallurgy",
  "oreMultiplier": 1,
  "oreProgressingMultiplier": 1,
  "toolTypes": 3,
  "toolQuality": 5,
  "burnTime": 0,
  "toolDurability": 4500,
  "toolSpeed": 10,
  "heatDamage": 0,
  "hidden": false,
  "gramPerCubicCentimeter": 5.724922694285714,
  "colorSolid": -65472,
  "colorLiquid": -65472,
  "colorGas": -65472,
  "colorPlasma": -65472,
  "meltingPoint": 5425,
  "boilingPoint": 14528,
  "plasmaPoint": 1452800,
  "neutrons": 253,
  "protons": 99,
  "electrons": 99,
  "mass": 352,
  "byProducts": [
    "magnetite",
    "adamantium"
  ],
  "alloyComponentReferences": [
    "Tartarite"
  ],
  "tags": [
    "ITEMGENERATOR.DENSEPLATES",
    "COMPOUNDS.DECOMPOSABLE",
    "ITEMGENERATOR.ORES",
    "PROCESSING.ELECTROLYSABLE",
    "PROCESSING.EXTRUDABLE",
    "ITEMGENERATOR.DUSTS",
    "ITEMGENERATOR.PARTS",
    "PROCESSING.SMITHABLE",
    "ITEMGENERATOR.FOILS",
    "PROCESSING.MELTING",
    "ITEMGENERATOR.STICKS",
    "ITEMGENERATOR.ARMORS",
    "ITEMGENERATOR.INGOTS",
    "ITEMGENERATOR.PLATES",
    "PROPERTIES.MAGNETIC_PASSIVE",
    "ITEMGENERATOR.PLANTS",
    "PROPERTIES.ENDER_DRAGON_PROOF",
    "ITEMGENERATOR.PROJECTILES",
    "PROPERTIES.WITHER_PROOF",
    "ITEMGENERATOR.INGOTS_HOT",
    "PROPERTIES.HAS_TOOL_STATS",
    "ITEMGENERATOR.DIRTY_DUSTS",
    "ITEMGENERATOR.MULTIINGOTS",
    "ITEMGENERATOR.MULTIPLATES"
  ],
  "components": {
    "stacks": [
      {
        "material": "adamantium",
        "amount": 1945944000
      },
      {
        "material": "oxygen",
        "amount": 2594592000
      }
    ],
    "dividedStacks": [
      {
        "material": "adamantium",
        "amount": 277992000
      },
      {
        "material": "oxygen",
        "amount": 370656000
      }
    ],
    "divider": 7
  },
  "tooltipChemical": "Ad₃O₄",
  "handleMaterial": "any_wood_or_plastic",
  "crushing": {
    "material": "adamantine",
    "amount": 648648000
  },
  "pulver": {
    "material": "adamantine",
    "amount": 648648000
  },
  "smelting": {
    "material": "adamantine",
    "amount": 648648000
  },
  "solidifying": {
    "material": "adamantine",
    "amount": 648648000
  },
  "smashing": {
    "material": "adamantine",
    "amount": 648648000
  },
  "cutting": {
    "material": "adamantine",
    "amount": 648648000
  },
  "working": {
    "material": "adamantine",
    "amount": 648648000
  },
  "forging": {
    "material": "adamantine",
    "amount": 648648000
  },
  "burning": {
    "material": "adamantine",
    "amount": 0
  },
  "bending": {
    "material": "adamantine",
    "amount": 648648000
  },
  "compressing": {
    "material": "adamantine",
    "amount": 648648000
  },
  "textureSet": "METALLIC"
}