{
  "name": "aerotheum",
  "fullName": "Aerotheum",
  "originalMod": "ThermalExpansion",
  "oreMultiplier": 1,
  "oreProgressingMultiplier": 1,
  "toolTypes": 0,
  "toolQuality": 0,
  "burnTime": 0,
  "toolDurability": 0,
  "toolSpeed": 1,
  "heatDamage": 0,
  "hidden": false,
  "gramPerCubicCentimeter": 4.260920451666667,
  "colorSolid": -3624877,
  "colorLiquid": -3624877,
  "colorGas": -3624877,
  "colorPlasma": -3624877,
  "meltingPoint": 299,
  "boilingPoint": 300,
  "plasmaPoint": 30000,
  "neutrons": 84,
  "protons": 65,
  "electrons": 65,
  "mass": 150,
  "byProducts": [],
  "alloyComponentReferences": [],
  "tags": [
    "PROCESSING.MELTING",
    "ITEMGENERATOR.PLANTS",
    "ITEMGENERATOR.DUSTS",
    "ITEMGENERATOR.CONTAINERS",
    "PROCESSING.MORTAR_GRINDABLE"
  ],
  "components": {
    "stacks": [
      {
        "material": "sand",
        "amount": 648648000
      },
      {
        "material": "potassium_nitrate",
        "amount": 648648000
      },
      {
        "material": "redstone",
        "amount": 648648000
      },
      {
        "material": "blitz",
        "amount": 648648000
      }
    ],
    "dividedStacks": [
      {
        "material": "sand",
        "amount": 324324000
      },
      {
        "material": "potassium_nitrate",
        "amount": 324324000
      },
      {
        "material": "redstone",
        "amount": 324324000
      },
      {
        "material": "blitz",
        "amount": 324324000
      }
    ],
    "divider": 2
  },
  "handleMaterial": "any_wood_or_plastic",
  "crushing": {
    "material": "aerotheum",
    "amount": 648648000
  },
  "pulver": {
    "material": "aerotheum",
    "amount": 648648000
  },
  "smelting": {
    "material": "aerotheum",
    "amount": 648648000
  },
  "solidifying": {
    "material": "aerotheum",
    "amount": 648648000
  },
  "smashing": {
    "material": "aerotheum",
    "amount": 648648000
  },
  "cutting": {
    "material": "aerotheum",
    "amount": 648648000
  },
  "working": {
    "material": "aerotheum",
    "amount": 648648000
  },
  "forging": {
    "material": "aerotheum",
    "amount": 648648000
  },
  "burning": {
    "material": "aerotheum",
    "amount": 0
  },
  "bending": {
    "material": "aerotheum",
    "amount": 648648000
  },
  "compressing": {
    "material": "aerotheum",
    "amount": 648648000
  },
  "textureSet": "SHINY"
}