{
  "name": "air",
  "fullName": "Air",
  "originalMod": "gregapi",
  "oreMultiplier": 1,
  "oreProgressingMultiplier": 1,
  "toolTypes": 0,
  "toolQuality": 0,
  "burnTime": 0,
  "toolDurability": 0,
  "toolSpeed": 1,
  "heatDamage": 0,
  "hidden": false,
  "gramPerCubicCentimeter": 0.0012985903846153845,
  "colorSolid": 262787317,
  "colorLiquid": 262787317,
  "colorGas": 262787317,
  "colorPlasma": 262787317,
  "meltingPoint": 100,
  "boilingPoint": 200,
  "plasmaPoint": 20000,
  "neutrons": 7,
  "protons": 7,
  "electrons": 7,
  "mass": 14,
  "byProducts": [],
  "alloyComponentReferences": [],
  "tags": [
    "ITEMGENERATOR.CONTAINERS_GAS",
    "PROPERTIES.TRANSPARENT",
    "ITEMGENERATOR.GASSES",
    "ITEMGENERATOR.PLANTS",
    "ITEMGENERATOR.CONTAINERS",
    "PROCESSING.UUM_SYNTHESISABLE"
  ],
  "components": {
    "stacks": [
      {
        "material": "nitrogen",
        "amount": 25945920000
      },
      {
        "material": "oxygen",
        "amount": 7135128000
      },
      {
        "material": "argon",
        "amount": 648648000
      }
    ],
    "dividedStacks": [
      {
        "material": "nitrogen",
        "amount": 498960000
      },
      {
        "material": "oxygen",
        "amount": 137214000
      },
      {
        "material": "argon",
        "amount": 12474000
      }
    ],
    "divider": 52
  },
  "tooltipChemical": "N₄₀O₁₁Ar",
  "handleMaterial": "any_wood_or_plastic",
  "crushing": {
    "material": "air",
    "amount": 648648000
  },
  "pulver": {
    "material": "air",
    "amount": 648648000
  },
  "smelting": {
    "material": "air",
    "amount": 648648000
  },
  "solidifying": {
    "material": "air",
    "amount": 648648000
  },
  "smashing": {
    "material": "air",
    "amount": 648648000
  },
  "cutting": {
    "material": "air",
    "amount": 648648000
  },
  "working": {
    "material": "air",
    "amount": 648648000
  },
  "forging": {
    "material": "air",
    "amount": 648648000
  },
  "burning": {
    "material": "air",
    "amount": 0
  },
  "bending": {
    "material": "air",
    "amount": 648648000
  },
  "compressing": {
    "material": "air",
    "amount": 648648000
  },
  "textureSet": "GAS"
}