{
  "name": "alduorite",
  "fullName": "Alduorite",
  "originalMod": "Metallurgy",
  "oreMultiplier": 1,
  "oreProgressingMultiplier": 1,
  "toolTypes": 0,
  "toolQuality": 0,
  "burnTime": 0,
  "toolDurability": 0,
  "toolSpeed": 1,
  "heatDamage": 0,
  "hidden": true,
  "gramPerCubicCentimeter": 1,
  "colorSolid": -6310732,
  "colorLiquid": -6310732,
  "colorGas": -6310732,
  "colorPlasma": -6310732,
  "meltingPoint": 1567,
  "boilingPoint": 3134,
  "plasmaPoint": 313400,
  "neutrons": 55,
  "protons": 43,
  "electrons": 43,
  "mass": 98,
  "byProducts": [
    "cadmium"
  ],
  "alloyComponentReferences": [
    "Inolashite"
  ],
  "tags": [
    "ITEMGENERATOR.DENSEPLATES",
    "ITEMGENERATOR.ORES",
    "PROCESSING.EXTRUDABLE",
    "ITEMGENERATOR.DUSTS",
    "PROCESSING.SMITHABLE",
    "ITEMGENERATOR.FOILS",
    "PROCESSING.MELTING",
    "ITEMGENERATOR.STICKS",
    "ITEMGENERATOR.ARMORS",
    "ITEMGENERATOR.INGOTS",
    "ITEMGENERATOR.PLATES",
    "ITEMGENERATOR.PLANTS",
    "ITEMGENERATOR.PROJECTILES",
    "ITEMGENERATOR.INGOTS_HOT",
    "ITEMGENERATOR.DIRTY_DUSTS",
    "ITEMGENERATOR.MULTIINGOTS",
    "ITEMGENERATOR.MULTIPLATES"
  ],
  "handleMaterial": "any_wood_or_plastic",
  "crushing": {
    "material": "alduorite",
    "amount": 648648000
  },
  "pulver": {
    "material": "alduorite",
    "amount": 648648000
  },
  "smelting": {
    "material": "alduorite",
    "amount": 648648000
  },
  "solidifying": {
    "material": "alduorite",
    "amount": 648648000
  },
  "smashing": {
    "material": "alduorite",
    "amount": 648648000
  },
  "cutting": {
    "material": "alduorite",
    "amount": 648648000
  },
  "working": {
    "material": "alduorite",
    "amount": 648648000
  },
  "forging": {
    "material": "alduorite",
    "amount": 648648000
  },
  "burning": {
    "material": "alduorite",
    "amount": 0
  },
  "bending": {
    "material": "alduorite",
    "amount": 648648000
  },
  "compressing": {
    "material": "alduorite",
    "amount": 648648000
  },
  "textureSet": "SHINY"
}