{
  "name": "alexandrite",
  "fullName": "Alexandrite",
  "originalMod": "gregapi",
  "oreMultiplier": 1,
  "oreProgressingMultiplier": 1,
  "toolTypes": 3,
  "toolQuality": 2,
  "burnTime": 0,
  "toolDurability": 256,
  "toolSpeed": 7,
  "heatDamage": 0,
  "hidden": false,
  "gramPerCubicCentimeter": 0.9771621333333332,
  "colorSolid": 2147483392,
  "colorLiquid": 2147483392,
  "colorGas": 2147483392,
  "colorPlasma": 2147483392,
  "meltingPoint": 1319,
  "boilingPoint": 2027,
  "plasmaPoint": 202733,
  "neutrons": 7,
  "protons": 7,
  "electrons": 7,
  "mass": 15,
  "byProducts": [],
  "alloyComponentReferences": [],
  "tags": [
    "COMPOUNDS.DECOMPOSABLE",
    "PROPERTIES.CRYSTAL",
    "ITEMGENERATOR.GEMS",
    "PROPERTIES.VALUABLE",
    "ITEMGENERATOR.ORES",
    "PROCESSING.ELECTROLYSABLE",
    "ITEMGENERATOR.DUSTS",
    "PROCESSING.UUM_SYNTHESISABLE",
    "ITEMGENERATOR.PARTS",
    "ITEMGENERATOR.LENSES",
    "ITEMGENERATOR.STICKS",
    "ITEMGENERATOR.ARMORS",
    "PROPERTIES.TRANSPARENT",
    "ITEMGENERATOR.PLATES",
    "ITEMGENERATOR.PLANTS",
    "ITEMGENERATOR.PROJECTILES",
    "PROPERTIES.HAS_TOOL_STATS",
    "ITEMGENERATOR.DIRTY_DUSTS"
  ],
  "components": {
    "stacks": [
      {
        "material": "alumina",
        "amount": 648648000
      },
      {
        "material": "beryllium",
        "amount": 648648000
      },
      {
        "material": "oxygen",
        "amount": 648648000
      }
    ],
    "dividedStacks": [
      {
        "material": "alumina",
        "amount": 216216000
      },
      {
        "material": "beryllium",
        "amount": 216216000
      },
      {
        "material": "oxygen",
        "amount": 216216000
      }
    ],
    "divider": 3
  },
  "tooltipChemical": "(Al₂O₃)BeO",
  "handleMaterial": "any_wood_or_plastic",
  "crushing": {
    "material": "alexandrite",
    "amount": 648648000
  },
  "pulver": {
    "material": "alexandrite",
    "amount": 648648000
  },
  "smelting": {
    "material": "alexandrite",
    "amount": 0
  },
  "solidifying": {
    "material": "alexandrite",
    "amount": 648648000
  },
  "smashing": {
    "material": "alexandrite",
    "amount": 648648000
  },
  "cutting": {
    "material": "alexandrite",
    "amount": 648648000
  },
  "working": {
    "material": "alexandrite",
    "amount": 648648000
  },
  "forging": {
    "material": "alexandrite",
    "amount": 648648000
  },
  "burning": {
    "material": "alexandrite",
    "amount": 0
  },
  "bending": {
    "material": "alexandrite",
    "amount": 648648000
  },
  "compressing": {
    "material": "alexandrite",
    "amount": 648648000
  },
  "textureSet": "OPAL"
}