{
  "name": "almandine",
  "fullName": "Almandine",
  "originalMod": "gregtech",
  "oreMultiplier": 1,
  "oreProgressingMultiplier": 1,
  "toolTypes": 3,
  "toolQuality": 2,
  "burnTime": 0,
  "toolDurability": 128,
  "toolSpeed": 7,
  "heatDamage": 0,
  "hidden": false,
  "gramPerCubicCentimeter": 1.8011973999999997,
  "colorSolid": 2147418112,
  "colorLiquid": 2147418112,
  "colorGas": 2147418112,
  "colorPlasma": 2147418112,
  "meltingPoint": 1759,
  "boilingPoint": 2745,
  "plasmaPoint": 274510,
  "neutrons": 12,
  "protons": 12,
  "electrons": 12,
  "mass": 24,
  "byProducts": [
    "alumina"
  ],
  "alloyComponentReferences": [],
  "tags": [
    "COMPOUNDS.DECOMPOSABLE",
    "PROPERTIES.CRYSTAL",
    "ITEMGENERATOR.GEMS",
    "PROPERTIES.VALUABLE",
    "ITEMGENERATOR.ORES",
    "PROCESSING.ELECTROLYSABLE",
    "ITEMGENERATOR.DUSTS",
    "PROCESSING.UUM_SYNTHESISABLE",
    "ITEMGENERATOR.PARTS",
    "ITEMGENERATOR.LENSES",
    "ITEMGENERATOR.STICKS",
    "ITEMGENERATOR.ARMORS",
    "PROPERTIES.TRANSPARENT",
    "ITEMGENERATOR.PLATES",
    "ITEMGENERATOR.PLANTS",
    "ITEMGENERATOR.PROJECTILES",
    "PROPERTIES.HAS_TOOL_STATS",
    "ITEMGENERATOR.DIRTY_DUSTS"
  ],
  "components": {
    "stacks": [
      {
        "material": "alumina",
        "amount": 3243240000
      },
      {
        "material": "iron",
        "amount": 1945944000
      },
      {
        "material": "silicon_dioxide",
        "amount": 5837832000
      },
      {
        "material": "oxygen",
        "amount": 1945944000
      }
    ],
    "dividedStacks": [
      {
        "material": "alumina",
        "amount": 162162000
      },
      {
        "material": "iron",
        "amount": 97297200
      },
      {
        "material": "silicon_dioxide",
        "amount": 291891600
      },
      {
        "material": "oxygen",
        "amount": 97297200
      }
    ],
    "divider": 20
  },
  "tooltipChemical": "(Al₂O₃)Fe₃(SiO₂)₃O₃",
  "handleMaterial": "any_wood_or_plastic",
  "crushing": {
    "material": "almandine",
    "amount": 648648000
  },
  "pulver": {
    "material": "almandine",
    "amount": 648648000
  },
  "smelting": {
    "material": "almandine",
    "amount": 0
  },
  "solidifying": {
    "material": "almandine",
    "amount": 648648000
  },
  "smashing": {
    "material": "almandine",
    "amount": 648648000
  },
  "cutting": {
    "material": "almandine",
    "amount": 648648000
  },
  "working": {
    "material": "almandine",
    "amount": 648648000
  },
  "forging": {
    "material": "almandine",
    "amount": 648648000
  },
  "burning": {
    "material": "almandine",
    "amount": 0
  },
  "bending": {
    "material": "almandine",
    "amount": 648648000
  },
  "compressing": {
    "material": "almandine",
    "amount": 648648000
  },
  "textureSet": "RUBY"
}