{
  "name": "almond",
  "fullName": "Almond",
  "originalMod": "harvestcraft",
  "oreMultiplier": 1,
  "oreProgressingMultiplier": 1,
  "toolTypes": 0,
  "toolQuality": 0,
  "burnTime": 100,
  "toolDurability": 0,
  "toolSpeed": 1,
  "heatDamage": 0,
  "hidden": false,
  "gramPerCubicCentimeter": 1,
  "colorSolid": -3628916,
  "colorLiquid": -3628916,
  "colorGas": -3628916,
  "colorPlasma": -3628916,
  "meltingPoint": 1000,
  "boilingPoint": 3000,
  "plasmaPoint": 10000,
  "neutrons": 55,
  "protons": 43,
  "electrons": 43,
  "mass": 98,
  "byProducts": [],
  "alloyComponentReferences": [],
  "tags": [
    "PROPERTIES.FOOD",
    "ITEMGENERATOR.PLANTS",
    "ITEMGENERATOR.DUSTS",
    "PROCESSING.MORTAR_GRINDABLE"
  ],
  "handleMaterial": "any_wood_or_plastic",
  "crushing": {
    "material": "almond",
    "amount": 648648000
  },
  "pulver": {
    "material": "almond",
    "amount": 648648000
  },
  "smelting": {
    "material": "almond",
    "amount": 648648000
  },
  "solidifying": {
    "material": "almond",
    "amount": 648648000
  },
  "smashing": {
    "material": "almond",
    "amount": 648648000
  },
  "cutting": {
    "material": "almond",
    "amount": 648648000
  },
  "working": {
    "material": "almond",
    "amount": 648648000
  },
  "forging": {
    "material": "almond",
    "amount": 648648000
  },
  "burning": {
    "material": "almond",
    "amount": 0
  },
  "bending": {
    "material": "almond",
    "amount": 648648000
  },
  "compressing": {
    "material": "almond",
    "amount": 648648000
  },
  "textureSet": "FINE"
}