{
  "name": "aluminium_hydroxide",
  "fullName": "Aluminium Hydroxide",
  "originalMod": "gregapi",
  "oreMultiplier": 1,
  "oreProgressingMultiplier": 1,
  "toolTypes": 0,
  "toolQuality": 0,
  "burnTime": 0,
  "toolDurability": 0,
  "toolSpeed": 1,
  "heatDamage": 0,
  "hidden": false,
  "gramPerCubicCentimeter": 0.38607952,
  "colorSolid": -4276536,
  "colorLiquid": -4276536,
  "colorGas": -4276536,
  "colorPlasma": -4276536,
  "meltingPoint": 573,
  "boilingPoint": 1146,
  "plasmaPoint": 114600,
  "neutrons": 5,
  "protons": 5,
  "electrons": 5,
  "mass": 11,
  "byProducts": [
    "bauxite",
    "ilmenite",
    "hematite",
    "alumina"
  ],
  "alloyComponentReferences": [],
  "tags": [
    "COMPOUNDS.DECOMPOSABLE",
    "PROCESSING.MELTING",
    "ITEMGENERATOR.PLANTS",
    "ITEMGENERATOR.ORES",
    "ITEMGENERATOR.DUSTS",
    "ITEMGENERATOR.DIRTY_DUSTS",
    "PROCESSING.UUM_SYNTHESISABLE"
  ],
  "components": {
    "stacks": [
      {
        "material": "aluminium",
        "amount": 648648000
      },
      {
        "material": "oxygen",
        "amount": 1945944000
      },
      {
        "material": "hydrogen",
        "amount": 1945944000
      }
    ],
    "dividedStacks": [
      {
        "material": "aluminium",
        "amount": 92664000
      },
      {
        "material": "oxygen",
        "amount": 277992000
      },
      {
        "material": "hydrogen",
        "amount": 277992000
      }
    ],
    "divider": 7
  },
  "tooltipChemical": "AlO₃H₃",
  "handleMaterial": "any_wood_or_plastic",
  "crushing": {
    "material": "aluminium_hydroxide",
    "amount": 648648000
  },
  "pulver": {
    "material": "aluminium_hydroxide",
    "amount": 648648000
  },
  "smelting": {
    "material": "alumina",
    "amount": 231660000
  },
  "solidifying": {
    "material": "aluminium_hydroxide",
    "amount": 648648000
  },
  "smashing": {
    "material": "aluminium_hydroxide",
    "amount": 648648000
  },
  "cutting": {
    "material": "aluminium_hydroxide",
    "amount": 648648000
  },
  "working": {
    "material": "aluminium_hydroxide",
    "amount": 648648000
  },
  "forging": {
    "material": "aluminium_hydroxide",
    "amount": 648648000
  },
  "burning": {
    "material": "aluminium_hydroxide",
    "amount": 0
  },
  "bending": {
    "material": "aluminium_hydroxide",
    "amount": 648648000
  },
  "compressing": {
    "material": "aluminium_hydroxide",
    "amount": 648648000
  },
  "textureSet": "DULL"
}