{
  "name": "aluminium_brass",
  "fullName": "Aluminium Brass",
  "originalMod": "TConstruct",
  "oreMultiplier": 1,
  "oreProgressingMultiplier": 1,
  "toolTypes": 2,
  "toolQuality": 2,
  "burnTime": 0,
  "toolDurability": 64,
  "toolSpeed": 6,
  "heatDamage": 0,
  "hidden": false,
  "gramPerCubicCentimeter": 4.2635000000000005,
  "colorSolid": -2302846,
  "colorLiquid": -2302846,
  "colorGas": -2302846,
  "colorPlasma": -2302846,
  "meltingPoint": 1039,
  "boilingPoint": 2802,
  "plasmaPoint": 280275,
  "neutrons": 18,
  "protons": 17,
  "electrons": 17,
  "mass": 35,
  "byProducts": [],
  "alloyComponentReferences": [],
  "tags": [
    "ITEMGENERATOR.DENSEPLATES",
    "COMPOUNDS.DECOMPOSABLE",
    "ITEMGENERATOR.MOLTEN",
    "PROCESSING.EXTRUDABLE",
    "ITEMGENERATOR.DUSTS",
    "PROCESSING.UUM_SYNTHESISABLE",
    "ITEMGENERATOR.PARTS",
    "PROCESSING.SMITHABLE",
    "ITEMGENERATOR.FOILS",
    "PROCESSING.MELTING",
    "ITEMGENERATOR.STICKS",
    "ITEMGENERATOR.ARMORS",
    "ITEMGENERATOR.INGOTS",
    "ITEMGENERATOR.PLATES",
    "ITEMGENERATOR.PLANTS",
    "ITEMGENERATOR.PROJECTILES",
    "ITEMGENERATOR.INGOTS_HOT",
    "PROPERTIES.NO_ADVANCED_TOOLS",
    "COMPOUNDS.ALLOY",
    "PROPERTIES.HAS_TOOL_STATS",
    "ITEMGENERATOR.MULTIINGOTS",
    "ITEMGENERATOR.MULTIPLATES"
  ],
  "components": {
    "stacks": [
      {
        "material": "aluminium",
        "amount": 1945944000
      },
      {
        "material": "copper",
        "amount": 648648000
      }
    ],
    "dividedStacks": [
      {
        "material": "aluminium",
        "amount": 486486000
      },
      {
        "material": "copper",
        "amount": 162162000
      }
    ],
    "divider": 4
  },
  "tooltipChemical": "Al₃Cu",
  "handleMaterial": "any_wood_or_plastic",
  "crushing": {
    "material": "aluminium_brass",
    "amount": 648648000
  },
  "pulver": {
    "material": "aluminium_brass",
    "amount": 648648000
  },
  "smelting": {
    "material": "aluminium_brass",
    "amount": 648648000
  },
  "solidifying": {
    "material": "aluminium_brass",
    "amount": 648648000
  },
  "smashing": {
    "material": "aluminium_brass",
    "amount": 648648000
  },
  "cutting": {
    "material": "aluminium_brass",
    "amount": 648648000
  },
  "working": {
    "material": "aluminium_brass",
    "amount": 648648000
  },
  "forging": {
    "material": "aluminium_brass",
    "amount": 648648000
  },
  "burning": {
    "material": "aluminium_brass",
    "amount": 0
  },
  "bending": {
    "material": "aluminium_brass",
    "amount": 648648000
  },
  "compressing": {
    "material": "aluminium_brass",
    "amount": 648648000
  },
  "textureSet": "METALLIC"
}