{
  "name": "alumina",
  "fullName": "Alumina",
  "originalMod": "gregapi",
  "oreMultiplier": 1,
  "oreProgressingMultiplier": 1,
  "toolTypes": 0,
  "toolQuality": 0,
  "burnTime": 0,
  "toolDurability": 0,
  "toolSpeed": 1,
  "heatDamage": 0,
  "hidden": false,
  "gramPerCubicCentimeter": 1.0800573999999998,
  "colorSolid": -8862741,
  "colorLiquid": -8862741,
  "colorGas": -8862741,
  "colorPlasma": -8862741,
  "meltingPoint": 2345,
  "boilingPoint": 3250,
  "plasmaPoint": 325000,
  "neutrons": 10,
  "protons": 10,
  "electrons": 10,
  "mass": 20,
  "byProducts": [
    "bauxite",
    "alumina",
    "aluminium_hydroxide"
  ],
  "alloyComponentReferences": [],
  "tags": [
    "COMPOUNDS.DECOMPOSABLE",
    "PROCESSING.MELTING",
    "ITEMGENERATOR.MOLTEN",
    "ITEMGENERATOR.INGOTS",
    "ITEMGENERATOR.PLANTS",
    "ITEMGENERATOR.ORES",
    "ITEMGENERATOR.DUSTS",
    "ITEMGENERATOR.DIRTY_DUSTS",
    "PROCESSING.UUM_SYNTHESISABLE"
  ],
  "components": {
    "stacks": [
      {
        "material": "aluminium",
        "amount": 1297296000
      },
      {
        "material": "oxygen",
        "amount": 1945944000
      }
    ],
    "dividedStacks": [
      {
        "material": "aluminium",
        "amount": 259459200
      },
      {
        "material": "oxygen",
        "amount": 389188800
      }
    ],
    "divider": 5
  },
  "description": [
    "Aluminas are the Materials used to create Aluminium out of. It is basically corroded Aluminium and removing said corrosion can be quite difficult and even requires electricity.",
    "Making Aluminium is a very complicated chemical Process. You will need an LV Electrolyzer, a Mixer, a Corrosion Resistant Crucible or a Smelter, Fluorite, Saltwater, Alumina and a bit more to do it."
  ],
  "tooltipChemical": "Al₂O₃",
  "handleMaterial": "any_wood_or_plastic",
  "crushing": {
    "material": "alumina",
    "amount": 648648000
  },
  "pulver": {
    "material": "alumina",
    "amount": 648648000
  },
  "smelting": {
    "material": "alumina",
    "amount": 648648000
  },
  "solidifying": {
    "material": "alumina",
    "amount": 648648000
  },
  "smashing": {
    "material": "alumina",
    "amount": 648648000
  },
  "cutting": {
    "material": "alumina",
    "amount": 648648000
  },
  "working": {
    "material": "alumina",
    "amount": 648648000
  },
  "forging": {
    "material": "alumina",
    "amount": 648648000
  },
  "burning": {
    "material": "alumina",
    "amount": 0
  },
  "bending": {
    "material": "alumina",
    "amount": 648648000
  },
  "compressing": {
    "material": "alumina",
    "amount": 648648000
  },
  "textureSet": "METALLIC"
}