{
  "name": "alumite",
  "fullName": "Alumite",
  "originalMod": "TConstruct",
  "oreMultiplier": 1,
  "oreProgressingMultiplier": 1,
  "toolTypes": 2,
  "toolQuality": 0,
  "burnTime": 0,
  "toolDurability": 64,
  "toolSpeed": 1.5,
  "heatDamage": 0,
  "hidden": false,
  "gramPerCubicCentimeter": 3.694998916666667,
  "colorSolid": -1678106,
  "colorLiquid": -1678106,
  "colorGas": -1678106,
  "colorPlasma": -1678106,
  "meltingPoint": 1283,
  "boilingPoint": 3689,
  "plasmaPoint": 368912,
  "neutrons": 17,
  "protons": 17,
  "electrons": 17,
  "mass": 34,
  "byProducts": [],
  "alloyComponentReferences": [],
  "tags": [
    "ITEMGENERATOR.DENSEPLATES",
    "COMPOUNDS.DECOMPOSABLE",
    "ITEMGENERATOR.MOLTEN",
    "PROCESSING.CENTRIFUGABLE",
    "PROCESSING.EXTRUDABLE",
    "ITEMGENERATOR.DUSTS",
    "ITEMGENERATOR.PARTS",
    "PROCESSING.SMITHABLE",
    "ITEMGENERATOR.FOILS",
    "PROCESSING.MELTING",
    "ITEMGENERATOR.STICKS",
    "ITEMGENERATOR.ARMORS",
    "ITEMGENERATOR.INGOTS",
    "ITEMGENERATOR.PLATES",
    "ITEMGENERATOR.PLANTS",
    "ITEMGENERATOR.PROJECTILES",
    "ITEMGENERATOR.INGOTS_HOT",
    "PROPERTIES.NO_ADVANCED_TOOLS",
    "COMPOUNDS.ALLOY",
    "PROPERTIES.HAS_TOOL_STATS",
    "ITEMGENERATOR.MULTIINGOTS",
    "ITEMGENERATOR.MULTIPLATES"
  ],
  "components": {
    "stacks": [
      {
        "material": "aluminium",
        "amount": 3243240000
      },
      {
        "material": "wrought_iron",
        "amount": 1297296000
      },
      {
        "material": "obsidian",
        "amount": 11675664000
      }
    ],
    "dividedStacks": [
      {
        "material": "aluminium",
        "amount": 360360000
      },
      {
        "material": "wrought_iron",
        "amount": 144144000
      },
      {
        "material": "obsidian",
        "amount": 1297296000
      }
    ],
    "divider": 9
  },
  "tooltipChemical": "Al₅Fe₂(MgFe(SiO₂)₂O₄)₁₈,₆₄",
  "handleMaterial": "any_wood_or_plastic",
  "crushing": {
    "material": "alumite",
    "amount": 648648000
  },
  "pulver": {
    "material": "alumite",
    "amount": 648648000
  },
  "smelting": {
    "material": "alumite",
    "amount": 648648000
  },
  "solidifying": {
    "material": "alumite",
    "amount": 648648000
  },
  "smashing": {
    "material": "alumite",
    "amount": 648648000
  },
  "cutting": {
    "material": "alumite",
    "amount": 648648000
  },
  "working": {
    "material": "alumite",
    "amount": 648648000
  },
  "forging": {
    "material": "alumite",
    "amount": 648648000
  },
  "burning": {
    "material": "alumite",
    "amount": 0
  },
  "bending": {
    "material": "alumite",
    "amount": 648648000
  },
  "compressing": {
    "material": "alumite",
    "amount": 648648000
  },
  "textureSet": "METALLIC"
}