{
  "name": "aluminium",
  "fullName": "Aluminium",
  "originalMod": "gregapi",
  "oreMultiplier": 2,
  "oreProgressingMultiplier": 1,
  "toolTypes": 2,
  "toolQuality": 2,
  "burnTime": 0,
  "toolDurability": 128,
  "toolSpeed": 10,
  "heatDamage": 0,
  "hidden": false,
  "gramPerCubicCentimeter": 2.698,
  "colorSolid": -8337168,
  "colorLiquid": -8337168,
  "colorGas": -8337168,
  "colorPlasma": -8337168,
  "meltingPoint": 933,
  "boilingPoint": 2792,
  "plasmaPoint": 279200,
  "neutrons": 13,
  "protons": 13,
  "electrons": 13,
  "mass": 26,
  "byProducts": [
    "bauxite",
    "alumina",
    "aluminium_hydroxide"
  ],
  "alloyComponentReferences": [
    "AluminiumBrass",
    "Alumite",
    "TitaniumAluminide",
    "Kanthal",
    "Magnalium",
    "CobaltBrass"
  ],
  "tags": [
    "ITEMGENERATOR.DENSEPLATES",
    "ATOMIC.ELEMENT",
    "ATOMIC.METAL",
    "ATOMIC.POST_TRANSITION_METAL",
    "ATOMIC.ICOSAGEN",
    "PROPERTIES.NO_ADVANCED_TOOLS",
    "PROPERTIES.HAS_TOOL_STATS",
    "ITEMGENERATOR.MOLTEN",
    "ITEMGENERATOR.ORES",
    "PROCESSING.EXTRUDABLE",
    "PROCESSING.EXTRUDABLE_SIMPLE",
    "ITEMGENERATOR.DUSTS",
    "PROCESSING.UUM_SYNTHESISABLE",
    "ITEMGENERATOR.PARTS",
    "PROCESSING.FUSION_SYNTHESISABLE",
    "PROCESSING.MORTAR_GRINDABLE",
    "PROCESSING.SMITHABLE",
    "PROCESSING.FURNACE",
    "ITEMGENERATOR.FOILS",
    "PROCESSING.MELTING",
    "ITEMGENERATOR.RAILS",
    "ITEMGENERATOR.STICKS",
    "ITEMGENERATOR.ARMORS",
    "ITEMGENERATOR.INGOTS",
    "ITEMGENERATOR.PLATES",
    "ITEMGENERATOR.PLANTS",
    "ITEMGENERATOR.PROJECTILES",
    "ITEMGENERATOR.INGOTS_HOT",
    "ITEMGENERATOR.DIRTY_DUSTS",
    "ITEMGENERATOR.MULTIINGOTS",
    "ITEMGENERATOR.MULTIPLATES"
  ],
  "description": [
    "Aluminium is a shiny rare Metal, that is extremely difficult to setup a production for. You will need to convert Alumina into Aluminium using Chemicals and an Electrolyzer.",
    "Making Aluminium is a very complicated chemical Process. You will need an LV Electrolyzer, a Mixer, a Corrosion Resistant Crucible or a Smelter, Fluorite, Saltwater, Alumina and a bit more to do it."
  ],
  "tooltipChemical": "Al",
  "handleMaterial": "any_wood_or_plastic",
  "crushing": {
    "material": "alumina",
    "amount": 648648000
  },
  "pulver": {
    "material": "aluminium",
    "amount": 648648000
  },
  "smelting": {
    "material": "aluminium",
    "amount": 648648000
  },
  "solidifying": {
    "material": "aluminium",
    "amount": 648648000
  },
  "smashing": {
    "material": "aluminium",
    "amount": 648648000
  },
  "cutting": {
    "material": "aluminium",
    "amount": 648648000
  },
  "working": {
    "material": "aluminium",
    "amount": 648648000
  },
  "forging": {
    "material": "aluminium",
    "amount": 648648000
  },
  "burning": {
    "material": "aluminium",
    "amount": 0
  },
  "bending": {
    "material": "aluminium",
    "amount": 648648000
  },
  "compressing": {
    "material": "aluminium",
    "amount": 648648000
  },
  "textureSet": "METALLIC"
}