{
  "name": "aluminium_alloy",
  "fullName": "Aluminium Alloy",
  "originalMod": "RotaryCraft",
  "oreMultiplier": 1,
  "oreProgressingMultiplier": 1,
  "toolTypes": 2,
  "toolQuality": 2,
  "burnTime": 0,
  "toolDurability": 128,
  "toolSpeed": 10,
  "heatDamage": 0,
  "hidden": true,
  "gramPerCubicCentimeter": 2.7497688888888887,
  "colorSolid": -3618636,
  "colorLiquid": -3618636,
  "colorGas": -3618636,
  "colorPlasma": -3618636,
  "meltingPoint": 949,
  "boilingPoint": 2808,
  "plasmaPoint": 280821,
  "neutrons": 13,
  "protons": 13,
  "electrons": 13,
  "mass": 26,
  "byProducts": [],
  "alloyComponentReferences": [],
  "tags": [
    "ITEMGENERATOR.DENSEPLATES",
    "COMPOUNDS.DECOMPOSABLE",
    "PROCESSING.CENTRIFUGABLE",
    "PROCESSING.EXTRUDABLE",
    "ITEMGENERATOR.DUSTS",
    "PROCESSING.UUM_SYNTHESISABLE",
    "ITEMGENERATOR.PARTS",
    "PROCESSING.SMITHABLE",
    "ITEMGENERATOR.FOILS",
    "PROCESSING.MELTING",
    "ITEMGENERATOR.STICKS",
    "ITEMGENERATOR.ARMORS",
    "ITEMGENERATOR.INGOTS",
    "ITEMGENERATOR.PLATES",
    "ITEMGENERATOR.PLANTS",
    "ITEMGENERATOR.PROJECTILES",
    "ITEMGENERATOR.INGOTS_HOT",
    "PROPERTIES.NO_ADVANCED_TOOLS",
    "COMPOUNDS.ALLOY",
    "PROPERTIES.HAS_TOOL_STATS",
    "ITEMGENERATOR.MULTIINGOTS",
    "ITEMGENERATOR.MULTIPLATES"
  ],
  "components": {
    "stacks": [
      {
        "material": "aluminium",
        "amount": 29189160000
      },
      {
        "material": "silicon",
        "amount": 648648000
      }
    ],
    "dividedStacks": [
      {
        "material": "aluminium",
        "amount": 648648000
      },
      {
        "material": "silicon",
        "amount": 14414400
      }
    ],
    "divider": 45
  },
  "tooltipChemical": "Al₄₅Si",
  "handleMaterial": "any_wood_or_plastic",
  "crushing": {
    "material": "aluminium_alloy",
    "amount": 648648000
  },
  "pulver": {
    "material": "aluminium_alloy",
    "amount": 648648000
  },
  "smelting": {
    "material": "aluminium_alloy",
    "amount": 648648000
  },
  "solidifying": {
    "material": "aluminium_alloy",
    "amount": 648648000
  },
  "smashing": {
    "material": "aluminium_alloy",
    "amount": 648648000
  },
  "cutting": {
    "material": "aluminium_alloy",
    "amount": 648648000
  },
  "working": {
    "material": "aluminium_alloy",
    "amount": 648648000
  },
  "forging": {
    "material": "aluminium_alloy",
    "amount": 648648000
  },
  "burning": {
    "material": "aluminium_alloy",
    "amount": 0
  },
  "bending": {
    "material": "aluminium_alloy",
    "amount": 648648000
  },
  "compressing": {
    "material": "aluminium_alloy",
    "amount": 648648000
  },
  "textureSet": "METALLIC"
}