{
  "name": "aluminium_fluoride",
  "fullName": "Aluminium Fluoride",
  "originalMod": "gregapi",
  "oreMultiplier": 1,
  "oreProgressingMultiplier": 1,
  "toolTypes": 0,
  "toolQuality": 0,
  "burnTime": 0,
  "toolDurability": 0,
  "toolSpeed": 1,
  "heatDamage": 0,
  "hidden": false,
  "gramPerCubicCentimeter": 0.675772,
  "colorSolid": -3621186,
  "colorLiquid": -3621186,
  "colorGas": -3621186,
  "colorPlasma": -3621186,
  "meltingPoint": 1560,
  "boilingPoint": 3120,
  "plasmaPoint": 312000,
  "neutrons": 10,
  "protons": 10,
  "electrons": 10,
  "mass": 20,
  "byProducts": [],
  "alloyComponentReferences": [],
  "tags": [
    "COMPOUNDS.DECOMPOSABLE",
    "PROPERTIES.ACID",
    "PROCESSING.MELTING",
    "ITEMGENERATOR.MOLTEN",
    "ITEMGENERATOR.INGOTS",
    "ITEMGENERATOR.PLANTS",
    "ITEMGENERATOR.ORES",
    "ITEMGENERATOR.DUSTS",
    "ITEMGENERATOR.DIRTY_DUSTS",
    "PROCESSING.UUM_SYNTHESISABLE"
  ],
  "components": {
    "stacks": [
      {
        "material": "aluminium",
        "amount": 648648000
      },
      {
        "material": "fluorine",
        "amount": 1945944000
      }
    ],
    "dividedStacks": [
      {
        "material": "aluminium",
        "amount": 162162000
      },
      {
        "material": "fluorine",
        "amount": 486486000
      }
    ],
    "divider": 4
  },
  "tooltipChemical": "AlF₃",
  "handleMaterial": "any_wood_or_plastic",
  "crushing": {
    "material": "aluminium_fluoride",
    "amount": 648648000
  },
  "pulver": {
    "material": "aluminium_fluoride",
    "amount": 648648000
  },
  "smelting": {
    "material": "aluminium_fluoride",
    "amount": 648648000
  },
  "solidifying": {
    "material": "aluminium_fluoride",
    "amount": 648648000
  },
  "smashing": {
    "material": "aluminium_fluoride",
    "amount": 648648000
  },
  "cutting": {
    "material": "aluminium_fluoride",
    "amount": 648648000
  },
  "working": {
    "material": "aluminium_fluoride",
    "amount": 648648000
  },
  "forging": {
    "material": "aluminium_fluoride",
    "amount": 648648000
  },
  "burning": {
    "material": "aluminium_fluoride",
    "amount": 0
  },
  "bending": {
    "material": "aluminium_fluoride",
    "amount": 648648000
  },
  "compressing": {
    "material": "aluminium_fluoride",
    "amount": 648648000
  },
  "textureSet": "DULL"
}