{
  "name": "alunite",
  "fullName": "Alunite",
  "originalMod": "gregapi",
  "oreMultiplier": 1,
  "oreProgressingMultiplier": 1,
  "toolTypes": 0,
  "toolQuality": 0,
  "burnTime": 0,
  "toolDurability": 0,
  "toolSpeed": 1,
  "heatDamage": 0,
  "hidden": false,
  "gramPerCubicCentimeter": 0.8704199615384615,
  "colorSolid": -1985471,
  "colorLiquid": -1985471,
  "colorGas": -1985471,
  "colorPlasma": -1985471,
  "meltingPoint": 1247,
  "boilingPoint": 1858,
  "plasmaPoint": 185803,
  "neutrons": 7,
  "protons": 7,
  "electrons": 7,
  "mass": 15,
  "byProducts": [],
  "alloyComponentReferences": [],
  "tags": [
    "COMPOUNDS.DECOMPOSABLE",
    "PROCESSING.BLACKLISTED_SMELTER",
    "ITEMGENERATOR.PLANTS",
    "ITEMGENERATOR.ORES",
    "PROCESSING.ELECTROLYSABLE",
    "ITEMGENERATOR.DUSTS",
    "ITEMGENERATOR.DIRTY_DUSTS",
    "PROCESSING.MORTAR_GRINDABLE"
  ],
  "components": {
    "stacks": [
      {
        "material": "alumina",
        "amount": 9729720000
      },
      {
        "material": "potassium",
        "amount": 1297296000
      },
      {
        "material": "silicon_dioxide",
        "amount": 7783776000
      },
      {
        "material": "water",
        "amount": 11675664000
      },
      {
        "material": "oxygen",
        "amount": 3243240000
      }
    ],
    "dividedStacks": [
      {
        "material": "alumina",
        "amount": 187110000
      },
      {
        "material": "potassium",
        "amount": 24948000
      },
      {
        "material": "silicon_dioxide",
        "amount": 149688000
      },
      {
        "material": "water",
        "amount": 224532000
      },
      {
        "material": "oxygen",
        "amount": 62370000
      }
    ],
    "divider": 52
  },
  "tooltipChemical": "(Al₂O₃)₃K₂(SiO₂)₄(H₂O)₆O₅",
  "handleMaterial": "any_wood_or_plastic",
  "crushing": {
    "material": "alunite",
    "amount": 648648000
  },
  "pulver": {
    "material": "alunite",
    "amount": 648648000
  },
  "smelting": {
    "material": "alunite",
    "amount": 648648000
  },
  "solidifying": {
    "material": "alunite",
    "amount": 648648000
  },
  "smashing": {
    "material": "alunite",
    "amount": 648648000
  },
  "cutting": {
    "material": "alunite",
    "amount": 648648000
  },
  "working": {
    "material": "alunite",
    "amount": 648648000
  },
  "forging": {
    "material": "alunite",
    "amount": 648648000
  },
  "burning": {
    "material": "alunite",
    "amount": 0
  },
  "bending": {
    "material": "alunite",
    "amount": 648648000
  },
  "compressing": {
    "material": "alunite",
    "amount": 648648000
  },
  "textureSet": "METALLIC"
}