{
  "name": "amazonite",
  "fullName": "Amazonite",
  "originalMod": "voltzengine",
  "oreMultiplier": 1,
  "oreProgressingMultiplier": 1,
  "toolTypes": 3,
  "toolQuality": 2,
  "burnTime": 0,
  "toolDurability": 256,
  "toolSpeed": 7,
  "heatDamage": 0,
  "hidden": false,
  "gramPerCubicCentimeter": 0.8123255384615384,
  "colorSolid": -12062294,
  "colorLiquid": -12062294,
  "colorGas": -12062294,
  "colorPlasma": -12062294,
  "meltingPoint": 1853,
  "boilingPoint": 2937,
  "plasmaPoint": 293707,
  "neutrons": 10,
  "protons": 10,
  "electrons": 10,
  "mass": 21,
  "byProducts": [],
  "alloyComponentReferences": [],
  "tags": [
    "COMPOUNDS.DECOMPOSABLE",
    "PROPERTIES.CRYSTAL",
    "ITEMGENERATOR.GEMS",
    "PROPERTIES.VALUABLE",
    "ITEMGENERATOR.ORES",
    "PROCESSING.ELECTROLYSABLE",
    "ITEMGENERATOR.DUSTS",
    "PROCESSING.UUM_SYNTHESISABLE",
    "ITEMGENERATOR.PARTS",
    "ITEMGENERATOR.LENSES",
    "ITEMGENERATOR.STICKS",
    "ITEMGENERATOR.ARMORS",
    "PROPERTIES.TRANSPARENT",
    "ITEMGENERATOR.PLATES",
    "ITEMGENERATOR.PLANTS",
    "ITEMGENERATOR.PROJECTILES",
    "PROPERTIES.HAS_TOOL_STATS",
    "ITEMGENERATOR.DIRTY_DUSTS"
  ],
  "components": {
    "stacks": [
      {
        "material": "alumina",
        "amount": 3243240000
      },
      {
        "material": "silicon_dioxide",
        "amount": 11675664000
      },
      {
        "material": "potassium",
        "amount": 1297296000
      },
      {
        "material": "oxygen",
        "amount": 648648000
      }
    ],
    "dividedStacks": [
      {
        "material": "alumina",
        "amount": 124740000
      },
      {
        "material": "silicon_dioxide",
        "amount": 449064000
      },
      {
        "material": "potassium",
        "amount": 49896000
      },
      {
        "material": "oxygen",
        "amount": 24948000
      }
    ],
    "divider": 26
  },
  "tooltipChemical": "(Al₂O₃)(SiO₂)₆K₂O",
  "handleMaterial": "any_wood_or_plastic",
  "crushing": {
    "material": "amazonite",
    "amount": 648648000
  },
  "pulver": {
    "material": "amazonite",
    "amount": 648648000
  },
  "smelting": {
    "material": "amazonite",
    "amount": 0
  },
  "solidifying": {
    "material": "amazonite",
    "amount": 648648000
  },
  "smashing": {
    "material": "amazonite",
    "amount": 648648000
  },
  "cutting": {
    "material": "amazonite",
    "amount": 648648000
  },
  "working": {
    "material": "amazonite",
    "amount": 648648000
  },
  "forging": {
    "material": "amazonite",
    "amount": 648648000
  },
  "burning": {
    "material": "amazonite",
    "amount": 0
  },
  "bending": {
    "material": "amazonite",
    "amount": 648648000
  },
  "compressing": {
    "material": "amazonite",
    "amount": 648648000
  },
  "textureSet": "LAPIS"
}