{
  "name": "amber",
  "fullName": "Amber",
  "originalMod": "Thaumcraft",
  "oreMultiplier": 2,
  "oreProgressingMultiplier": 1,
  "toolTypes": 3,
  "toolQuality": 2,
  "burnTime": 0,
  "toolDurability": 128,
  "toolSpeed": 4,
  "heatDamage": 0,
  "hidden": false,
  "gramPerCubicCentimeter": 1,
  "colorSolid": 2147464192,
  "colorLiquid": 2147464192,
  "colorGas": 2147464192,
  "colorPlasma": 2147464192,
  "meltingPoint": 1000,
  "boilingPoint": 3000,
  "plasmaPoint": 10000,
  "neutrons": 55,
  "protons": 43,
  "electrons": 43,
  "mass": 98,
  "byProducts": [],
  "alloyComponentReferences": [],
  "tags": [
    "PROPERTIES.CRYSTAL",
    "ITEMGENERATOR.GEMS",
    "PROPERTIES.VALUABLE",
    "ITEMGENERATOR.ORES",
    "ITEMGENERATOR.DUSTS",
    "ITEMGENERATOR.PARTS",
    "PROCESSING.MORTAR_GRINDABLE",
    "ITEMGENERATOR.LENSES",
    "ITEMGENERATOR.STICKS",
    "PROCESSING.CRYSTALLISABLE",
    "ITEMGENERATOR.ARMORS",
    "PROPERTIES.TRANSPARENT",
    "ITEMGENERATOR.PLATES",
    "ITEMGENERATOR.PLANTS",
    "ITEMGENERATOR.PROJECTILES",
    "PROPERTIES.HAS_TOOL_STATS",
    "ITEMGENERATOR.DIRTY_DUSTS"
  ],
  "handleMaterial": "any_wood_or_plastic",
  "crushing": {
    "material": "amber",
    "amount": 648648000
  },
  "pulver": {
    "material": "amber",
    "amount": 648648000
  },
  "smelting": {
    "material": "amber",
    "amount": 648648000
  },
  "solidifying": {
    "material": "amber",
    "amount": 648648000
  },
  "smashing": {
    "material": "amber",
    "amount": 648648000
  },
  "cutting": {
    "material": "amber",
    "amount": 648648000
  },
  "working": {
    "material": "amber",
    "amount": 648648000
  },
  "forging": {
    "material": "amber",
    "amount": 648648000
  },
  "burning": {
    "material": "amber",
    "amount": 0
  },
  "bending": {
    "material": "amber",
    "amount": 648648000
  },
  "compressing": {
    "material": "amber",
    "amount": 648648000
  },
  "textureSet": "RUBY"
}