{
  "name": "americium",
  "fullName": "Americium",
  "originalMod": "gregapi",
  "oreMultiplier": 1,
  "oreProgressingMultiplier": 1,
  "toolTypes": 3,
  "toolQuality": 2,
  "burnTime": 0,
  "toolDurability": 256,
  "toolSpeed": 4,
  "heatDamage": 0,
  "hidden": false,
  "gramPerCubicCentimeter": 13.69,
  "colorSolid": -3618616,
  "colorLiquid": -3618616,
  "colorGas": -3618616,
  "colorPlasma": -3618616,
  "meltingPoint": 1449,
  "boilingPoint": 2880,
  "plasmaPoint": 288000,
  "neutrons": 150,
  "protons": 95,
  "electrons": 95,
  "mass": 245,
  "byProducts": [
    "lead",
    "uranium",
    "plutonium"
  ],
  "alloyComponentReferences": [],
  "tags": [
    "ITEMGENERATOR.DENSEPLATES",
    "ATOMIC.ELEMENT",
    "ATOMIC.METAL",
    "ITEMGENERATOR.ORES",
    "PROCESSING.EXTRUDABLE",
    "ITEMGENERATOR.DUSTS",
    "ATOMIC.ACTINIDE",
    "ITEMGENERATOR.PARTS",
    "PROCESSING.SMITHABLE",
    "ITEMGENERATOR.FOILS",
    "PROCESSING.MELTING",
    "ITEMGENERATOR.STICKS",
    "ITEMGENERATOR.ARMORS",
    "ITEMGENERATOR.INGOTS",
    "ITEMGENERATOR.PLATES",
    "ITEMGENERATOR.PLANTS",
    "ITEMGENERATOR.PROJECTILES",
    "ITEMGENERATOR.INGOTS_HOT",
    "PROPERTIES.HAS_TOOL_STATS",
    "ITEMGENERATOR.DIRTY_DUSTS",
    "ITEMGENERATOR.MULTIINGOTS",
    "ITEMGENERATOR.MULTIPLATES"
  ],
  "tooltipChemical": "Am",
  "handleMaterial": "any_wood_or_plastic",
  "crushing": {
    "material": "americium",
    "amount": 648648000
  },
  "pulver": {
    "material": "americium",
    "amount": 648648000
  },
  "smelting": {
    "material": "americium",
    "amount": 648648000
  },
  "solidifying": {
    "material": "americium",
    "amount": 648648000
  },
  "smashing": {
    "material": "americium",
    "amount": 648648000
  },
  "cutting": {
    "material": "americium",
    "amount": 648648000
  },
  "working": {
    "material": "americium",
    "amount": 648648000
  },
  "forging": {
    "material": "americium",
    "amount": 648648000
  },
  "burning": {
    "material": "americium",
    "amount": 0
  },
  "bending": {
    "material": "americium",
    "amount": 648648000
  },
  "compressing": {
    "material": "americium",
    "amount": 648648000
  },
  "textureSet": "METALLIC"
}