{
  "name": "amethyst_ender",
  "fullName": "Ender Amethyst",
  "originalMod": "BiomesOPlenty",
  "oreMultiplier": 1,
  "oreProgressingMultiplier": 1,
  "toolTypes": 3,
  "toolQuality": 3,
  "burnTime": 0,
  "toolDurability": 2560,
  "toolSpeed": 10,
  "heatDamage": 0,
  "hidden": true,
  "gramPerCubicCentimeter": 2.1967888,
  "colorSolid": 2144482002,
  "colorLiquid": 2144482002,
  "colorGas": 2144482002,
  "colorPlasma": 2144482002,
  "meltingPoint": 1625,
  "boilingPoint": 2669,
  "plasmaPoint": 266900,
  "neutrons": 14,
  "protons": 13,
  "electrons": 13,
  "mass": 27,
  "byProducts": [],
  "alloyComponentReferences": [],
  "tags": [
    "COMPOUNDS.DECOMPOSABLE",
    "PROPERTIES.CRYSTAL",
    "ITEMGENERATOR.GEMS",
    "PROPERTIES.VALUABLE",
    "ITEMGENERATOR.ORES",
    "PROCESSING.ELECTROLYSABLE",
    "ITEMGENERATOR.DUSTS",
    "ITEMGENERATOR.PARTS",
    "ITEMGENERATOR.LENSES",
    "ITEMGENERATOR.STICKS",
    "ITEMGENERATOR.ARMORS",
    "PROPERTIES.TRANSPARENT",
    "ITEMGENERATOR.PLATES",
    "ITEMGENERATOR.PLANTS",
    "ITEMGENERATOR.PROJECTILES",
    "PROPERTIES.HAS_TOOL_STATS",
    "ITEMGENERATOR.DIRTY_DUSTS"
  ],
  "components": {
    "stacks": [
      {
        "material": "silicon_dioxide",
        "amount": 2594592000
      },
      {
        "material": "iron",
        "amount": 648648000
      },
      {
        "material": "magic",
        "amount": 648648000
      }
    ],
    "dividedStacks": [
      {
        "material": "silicon_dioxide",
        "amount": 518918400
      },
      {
        "material": "iron",
        "amount": 129729600
      },
      {
        "material": "magic",
        "amount": 129729600
      }
    ],
    "divider": 5
  },
  "tooltipChemical": "(SiO₂)₄,₃FeMa",
  "handleMaterial": "any_iron_or_steel",
  "crushing": {
    "material": "amethyst_ender",
    "amount": 648648000
  },
  "pulver": {
    "material": "amethyst_ender",
    "amount": 648648000
  },
  "smelting": {
    "material": "amethyst_ender",
    "amount": 0
  },
  "solidifying": {
    "material": "amethyst_ender",
    "amount": 648648000
  },
  "smashing": {
    "material": "amethyst_ender",
    "amount": 648648000
  },
  "cutting": {
    "material": "amethyst_ender",
    "amount": 648648000
  },
  "working": {
    "material": "amethyst_ender",
    "amount": 648648000
  },
  "forging": {
    "material": "amethyst_ender",
    "amount": 648648000
  },
  "burning": {
    "material": "amethyst_ender",
    "amount": 0
  },
  "bending": {
    "material": "amethyst_ender",
    "amount": 648648000
  },
  "compressing": {
    "material": "amethyst_ender",
    "amount": 648648000
  },
  "textureSet": "FLINT"
}