{
  "name": "amethyst",
  "fullName": "Amethyst",
  "originalMod": "gregapi",
  "oreMultiplier": 1,
  "oreProgressingMultiplier": 1,
  "toolTypes": 3,
  "toolQuality": 3,
  "burnTime": 0,
  "toolDurability": 256,
  "toolSpeed": 7,
  "heatDamage": 0,
  "hidden": false,
  "gramPerCubicCentimeter": 2.1967888,
  "colorSolid": 2143826632,
  "colorLiquid": 2143826632,
  "colorGas": 2143826632,
  "colorPlasma": 2143826632,
  "meltingPoint": 1951,
  "boilingPoint": 3202,
  "plasmaPoint": 320280,
  "neutrons": 14,
  "protons": 13,
  "electrons": 13,
  "mass": 27,
  "byProducts": [],
  "alloyComponentReferences": [],
  "tags": [
    "COMPOUNDS.DECOMPOSABLE",
    "PROPERTIES.CRYSTAL",
    "ITEMGENERATOR.GEMS",
    "PROPERTIES.VALUABLE",
    "ITEMGENERATOR.ORES",
    "PROCESSING.ELECTROLYSABLE",
    "ITEMGENERATOR.DUSTS",
    "PROCESSING.UUM_SYNTHESISABLE",
    "ITEMGENERATOR.PARTS",
    "ITEMGENERATOR.LENSES",
    "ITEMGENERATOR.STICKS",
    "ITEMGENERATOR.ARMORS",
    "PROPERTIES.TRANSPARENT",
    "ITEMGENERATOR.PLATES",
    "ITEMGENERATOR.PLANTS",
    "ITEMGENERATOR.PROJECTILES",
    "PROPERTIES.HAS_TOOL_STATS",
    "ITEMGENERATOR.DIRTY_DUSTS"
  ],
  "components": {
    "stacks": [
      {
        "material": "silicon_dioxide",
        "amount": 2594592000
      },
      {
        "material": "iron",
        "amount": 648648000
      }
    ],
    "dividedStacks": [
      {
        "material": "silicon_dioxide",
        "amount": 518918400
      },
      {
        "material": "iron",
        "amount": 129729600
      }
    ],
    "divider": 5
  },
  "tooltipChemical": "(SiO₂)₄,₃Fe",
  "handleMaterial": "any_wood_or_plastic",
  "crushing": {
    "material": "amethyst",
    "amount": 648648000
  },
  "pulver": {
    "material": "amethyst",
    "amount": 648648000
  },
  "smelting": {
    "material": "amethyst",
    "amount": 0
  },
  "solidifying": {
    "material": "amethyst",
    "amount": 648648000
  },
  "smashing": {
    "material": "amethyst",
    "amount": 648648000
  },
  "cutting": {
    "material": "amethyst",
    "amount": 648648000
  },
  "working": {
    "material": "amethyst",
    "amount": 648648000
  },
  "forging": {
    "material": "amethyst",
    "amount": 648648000
  },
  "burning": {
    "material": "amethyst",
    "amount": 0
  },
  "bending": {
    "material": "amethyst",
    "amount": 648648000
  },
  "compressing": {
    "material": "amethyst",
    "amount": 648648000
  },
  "textureSet": "RUBY"
}