{
  "name": "ammonia",
  "fullName": "Ammonia",
  "originalMod": "gregapi",
  "oreMultiplier": 1,
  "oreProgressingMultiplier": 1,
  "toolTypes": 0,
  "toolQuality": 0,
  "burnTime": 0,
  "toolDurability": 0,
  "toolSpeed": 1,
  "heatDamage": 0,
  "hidden": false,
  "gramPerCubicCentimeter": 0.00038006,
  "colorSolid": -9248792,
  "colorLiquid": -9248792,
  "colorGas": -9248792,
  "colorPlasma": -9248792,
  "meltingPoint": 195,
  "boilingPoint": 239,
  "plasmaPoint": 23900,
  "neutrons": 1,
  "protons": 2,
  "electrons": 2,
  "mass": 4,
  "byProducts": [],
  "alloyComponentReferences": [],
  "tags": [
    "PROPERTIES.ACID",
    "COMPOUNDS.DECOMPOSABLE",
    "ITEMGENERATOR.CONTAINERS_GAS",
    "ITEMGENERATOR.GASSES",
    "ITEMGENERATOR.PLANTS",
    "ITEMGENERATOR.CONTAINERS",
    "PROCESSING.UUM_SYNTHESISABLE"
  ],
  "components": {
    "stacks": [
      {
        "material": "nitrogen",
        "amount": 648648000
      },
      {
        "material": "hydrogen",
        "amount": 1945944000
      }
    ],
    "dividedStacks": [
      {
        "material": "nitrogen",
        "amount": 162162000
      },
      {
        "material": "hydrogen",
        "amount": 486486000
      }
    ],
    "divider": 4
  },
  "tooltipChemical": "NH₃",
  "handleMaterial": "any_wood_or_plastic",
  "crushing": {
    "material": "ammonia",
    "amount": 648648000
  },
  "pulver": {
    "material": "ammonia",
    "amount": 648648000
  },
  "smelting": {
    "material": "ammonia",
    "amount": 648648000
  },
  "solidifying": {
    "material": "ammonia",
    "amount": 648648000
  },
  "smashing": {
    "material": "ammonia",
    "amount": 648648000
  },
  "cutting": {
    "material": "ammonia",
    "amount": 648648000
  },
  "working": {
    "material": "ammonia",
    "amount": 648648000
  },
  "forging": {
    "material": "ammonia",
    "amount": 648648000
  },
  "burning": {
    "material": "ammonia",
    "amount": 0
  },
  "bending": {
    "material": "ammonia",
    "amount": 648648000
  },
  "compressing": {
    "material": "ammonia",
    "amount": 648648000
  },
  "textureSet": "GAS"
}