{
  "name": "amordrine",
  "fullName": "Amordrine",
  "originalMod": "Metallurgy",
  "oreMultiplier": 1,
  "oreProgressingMultiplier": 1,
  "toolTypes": 3,
  "toolQuality": 3,
  "burnTime": 0,
  "toolDurability": 3328,
  "toolSpeed": 7,
  "heatDamage": 0,
  "hidden": true,
  "gramPerCubicCentimeter": 1,
  "colorSolid": -5665359,
  "colorLiquid": -5665359,
  "colorGas": -5665359,
  "colorPlasma": -5665359,
  "meltingPoint": 1873,
  "boilingPoint": 3746,
  "plasmaPoint": 374600,
  "neutrons": 55,
  "protons": 43,
  "electrons": 43,
  "mass": 98,
  "byProducts": [],
  "alloyComponentReferences": [],
  "tags": [
    "ITEMGENERATOR.DENSEPLATES",
    "COMPOUNDS.DECOMPOSABLE",
    "PROCESSING.CENTRIFUGABLE",
    "PROCESSING.EXTRUDABLE",
    "ITEMGENERATOR.DUSTS",
    "ITEMGENERATOR.PARTS",
    "PROCESSING.SMITHABLE",
    "ITEMGENERATOR.FOILS",
    "PROCESSING.MELTING",
    "ITEMGENERATOR.STICKS",
    "ITEMGENERATOR.ARMORS",
    "ITEMGENERATOR.INGOTS",
    "ITEMGENERATOR.PLATES",
    "ITEMGENERATOR.PLANTS",
    "ITEMGENERATOR.PROJECTILES",
    "ITEMGENERATOR.INGOTS_HOT",
    "COMPOUNDS.ALLOY",
    "PROPERTIES.HAS_TOOL_STATS",
    "ITEMGENERATOR.MULTIINGOTS",
    "ITEMGENERATOR.MULTIPLATES"
  ],
  "components": {
    "stacks": [
      {
        "material": "prometheum",
        "amount": 648648000
      },
      {
        "material": "kalendrite",
        "amount": 648648000
      }
    ],
    "dividedStacks": [
      {
        "material": "prometheum",
        "amount": 324324000
      },
      {
        "material": "kalendrite",
        "amount": 324324000
      }
    ],
    "divider": 2
  },
  "tooltipChemical": "(Prometheum)(Kalendrite)",
  "handleMaterial": "any_wood_or_plastic",
  "crushing": {
    "material": "amordrine",
    "amount": 648648000
  },
  "pulver": {
    "material": "amordrine",
    "amount": 648648000
  },
  "smelting": {
    "material": "amordrine",
    "amount": 648648000
  },
  "solidifying": {
    "material": "amordrine",
    "amount": 648648000
  },
  "smashing": {
    "material": "amordrine",
    "amount": 648648000
  },
  "cutting": {
    "material": "amordrine",
    "amount": 648648000
  },
  "working": {
    "material": "amordrine",
    "amount": 648648000
  },
  "forging": {
    "material": "amordrine",
    "amount": 648648000
  },
  "burning": {
    "material": "amordrine",
    "amount": 0
  },
  "bending": {
    "material": "amordrine",
    "amount": 648648000
  },
  "compressing": {
    "material": "amordrine",
    "amount": 648648000
  },
  "textureSet": "METALLIC"
}