{
  "name": "andesite",
  "fullName": "Andesite",
  "originalMod": "minecraft",
  "oreMultiplier": 1,
  "oreProgressingMultiplier": 1,
  "toolTypes": 1,
  "toolQuality": 1,
  "burnTime": 0,
  "toolDurability": 16,
  "toolSpeed": 2.5,
  "heatDamage": 0,
  "hidden": false,
  "gramPerCubicCentimeter": 1,
  "colorSolid": -4210753,
  "colorLiquid": -4210753,
  "colorGas": -4210753,
  "colorPlasma": -4210753,
  "meltingPoint": 1000,
  "boilingPoint": 3000,
  "plasmaPoint": 10000,
  "neutrons": 55,
  "protons": 43,
  "electrons": 43,
  "mass": 98,
  "byProducts": [],
  "alloyComponentReferences": [],
  "tags": [
    "PROPERTIES.STONE",
    "PROCESSING.EXTRUDABLE",
    "ITEMGENERATOR.DUSTS",
    "PROCESSING.EXTRUDABLE_SIMPLE",
    "ITEMGENERATOR.PARTS",
    "PROCESSING.MORTAR_GRINDABLE",
    "PROCESSING.FURNACE",
    "PROPERTIES.BRITTLE",
    "ITEMGENERATOR.STICKS",
    "ITEMGENERATOR.PLATES",
    "ITEMGENERATOR.PLANTS",
    "ITEMGENERATOR.PROJECTILES",
    "PROPERTIES.NO_ADVANCED_TOOLS",
    "PROPERTIES.HAS_TOOL_STATS",
    "ITEMGENERATOR.DIRTY_DUSTS"
  ],
  "handleMaterial": "any_wood_or_plastic",
  "crushing": {
    "material": "andesite",
    "amount": 648648000
  },
  "pulver": {
    "material": "andesite",
    "amount": 648648000
  },
  "smelting": {
    "material": "andesite",
    "amount": 648648000
  },
  "solidifying": {
    "material": "andesite",
    "amount": 648648000
  },
  "smashing": {
    "material": "andesite",
    "amount": 648648000
  },
  "cutting": {
    "material": "andesite",
    "amount": 648648000
  },
  "working": {
    "material": "andesite",
    "amount": 648648000
  },
  "forging": {
    "material": "andesite",
    "amount": 648648000
  },
  "burning": {
    "material": "andesite",
    "amount": 0
  },
  "bending": {
    "material": "andesite",
    "amount": 648648000
  },
  "compressing": {
    "material": "andesite",
    "amount": 648648000
  },
  "textureSet": "STONE"
}