{
  "name": "andradite",
  "fullName": "Andradite",
  "originalMod": "gregtech",
  "oreMultiplier": 1,
  "oreProgressingMultiplier": 1,
  "toolTypes": 3,
  "toolQuality": 2,
  "burnTime": 0,
  "toolDurability": 128,
  "toolSpeed": 7,
  "heatDamage": 0,
  "hidden": false,
  "gramPerCubicCentimeter": 1.3686974,
  "colorSolid": 2140567552,
  "colorLiquid": 2140567552,
  "colorGas": 2140567552,
  "colorPlasma": 2140567552,
  "meltingPoint": 1258,
  "boilingPoint": 2052,
  "plasmaPoint": 205295,
  "neutrons": 12,
  "protons": 12,
  "electrons": 12,
  "mass": 25,
  "byProducts": [
    "hematite"
  ],
  "alloyComponentReferences": [],
  "tags": [
    "COMPOUNDS.DECOMPOSABLE",
    "PROPERTIES.CRYSTAL",
    "ITEMGENERATOR.GEMS",
    "PROPERTIES.VALUABLE",
    "ITEMGENERATOR.ORES",
    "PROCESSING.ELECTROLYSABLE",
    "ITEMGENERATOR.DUSTS",
    "PROCESSING.UUM_SYNTHESISABLE",
    "ITEMGENERATOR.PARTS",
    "ITEMGENERATOR.LENSES",
    "ITEMGENERATOR.STICKS",
    "ITEMGENERATOR.ARMORS",
    "PROPERTIES.TRANSPARENT",
    "ITEMGENERATOR.PLATES",
    "ITEMGENERATOR.PLANTS",
    "ITEMGENERATOR.PROJECTILES",
    "PROPERTIES.HAS_TOOL_STATS",
    "ITEMGENERATOR.DIRTY_DUSTS"
  ],
  "components": {
    "stacks": [
      {
        "material": "calcium",
        "amount": 1945944000
      },
      {
        "material": "iron",
        "amount": 1297296000
      },
      {
        "material": "silicon_dioxide",
        "amount": 5837832000
      },
      {
        "material": "oxygen",
        "amount": 3891888000
      }
    ],
    "dividedStacks": [
      {
        "material": "calcium",
        "amount": 97297200
      },
      {
        "material": "iron",
        "amount": 64864800
      },
      {
        "material": "silicon_dioxide",
        "amount": 291891600
      },
      {
        "material": "oxygen",
        "amount": 194594400
      }
    ],
    "divider": 20
  },
  "tooltipChemical": "Ca₃Fe₂(SiO₂)₃O₆",
  "handleMaterial": "any_wood_or_plastic",
  "crushing": {
    "material": "andradite",
    "amount": 648648000
  },
  "pulver": {
    "material": "andradite",
    "amount": 648648000
  },
  "smelting": {
    "material": "andradite",
    "amount": 0
  },
  "solidifying": {
    "material": "andradite",
    "amount": 648648000
  },
  "smashing": {
    "material": "andradite",
    "amount": 648648000
  },
  "cutting": {
    "material": "andradite",
    "amount": 648648000
  },
  "working": {
    "material": "andradite",
    "amount": 648648000
  },
  "forging": {
    "material": "andradite",
    "amount": 648648000
  },
  "burning": {
    "material": "andradite",
    "amount": 0
  },
  "bending": {
    "material": "andradite",
    "amount": 648648000
  },
  "compressing": {
    "material": "andradite",
    "amount": 648648000
  },
  "textureSet": "RUBY"
}