{
  "name": "angmallen",
  "fullName": "Angmallen",
  "originalMod": "Metallurgy",
  "oreMultiplier": 1,
  "oreProgressingMultiplier": 1,
  "toolTypes": 3,
  "toolQuality": 2,
  "burnTime": 0,
  "toolDurability": 128,
  "toolSpeed": 10,
  "heatDamage": 0,
  "hidden": false,
  "gramPerCubicCentimeter": 13.578,
  "colorSolid": -2629238,
  "colorLiquid": -2629238,
  "colorGas": -2629238,
  "colorPlasma": -2629238,
  "meltingPoint": 1674,
  "boilingPoint": 3131,
  "plasmaPoint": 313150,
  "neutrons": 73,
  "protons": 52,
  "electrons": 52,
  "mass": 126,
  "byProducts": [],
  "alloyComponentReferences": [
    "IronWood"
  ],
  "tags": [
    "ITEMGENERATOR.DENSEPLATES",
    "COMPOUNDS.DECOMPOSABLE",
    "ITEMGENERATOR.MOLTEN",
    "PROCESSING.CENTRIFUGABLE",
    "PROCESSING.EXTRUDABLE",
    "ITEMGENERATOR.DUSTS",
    "PROCESSING.UUM_SYNTHESISABLE",
    "ITEMGENERATOR.PARTS",
    "PROCESSING.MORTAR_GRINDABLE",
    "PROCESSING.SMITHABLE",
    "ITEMGENERATOR.FOILS",
    "PROCESSING.MELTING",
    "ITEMGENERATOR.STICKS",
    "ITEMGENERATOR.ARMORS",
    "ITEMGENERATOR.INGOTS",
    "ITEMGENERATOR.PLATES",
    "PROPERTIES.MAGNETIC_PASSIVE",
    "ITEMGENERATOR.PLANTS",
    "ITEMGENERATOR.PROJECTILES",
    "ITEMGENERATOR.INGOTS_HOT",
    "COMPOUNDS.ALLOY",
    "PROPERTIES.HAS_TOOL_STATS",
    "ITEMGENERATOR.MULTIINGOTS",
    "ITEMGENERATOR.MULTIPLATES"
  ],
  "components": {
    "stacks": [
      {
        "material": "gold",
        "amount": 648648000
      },
      {
        "material": "wrought_iron",
        "amount": 648648000
      }
    ],
    "dividedStacks": [
      {
        "material": "gold",
        "amount": 324324000
      },
      {
        "material": "wrought_iron",
        "amount": 324324000
      }
    ],
    "divider": 2
  },
  "tooltipChemical": "AuFe",
  "handleMaterial": "any_wood_or_plastic",
  "crushing": {
    "material": "angmallen",
    "amount": 648648000
  },
  "pulver": {
    "material": "angmallen",
    "amount": 648648000
  },
  "smelting": {
    "material": "angmallen",
    "amount": 648648000
  },
  "solidifying": {
    "material": "angmallen",
    "amount": 648648000
  },
  "smashing": {
    "material": "angmallen",
    "amount": 648648000
  },
  "cutting": {
    "material": "angmallen",
    "amount": 648648000
  },
  "working": {
    "material": "angmallen",
    "amount": 648648000
  },
  "forging": {
    "material": "angmallen",
    "amount": 648648000
  },
  "burning": {
    "material": "angmallen",
    "amount": 0
  },
  "bending": {
    "material": "angmallen",
    "amount": 648648000
  },
  "compressing": {
    "material": "angmallen",
    "amount": 648648000
  },
  "textureSet": "SHINY"
}