{
  "name": "annealed_copper",
  "fullName": "Annealed Copper",
  "originalMod": "gregtech",
  "oreMultiplier": 1,
  "oreProgressingMultiplier": 1,
  "toolTypes": 2,
  "toolQuality": 0,
  "burnTime": 0,
  "toolDurability": 64,
  "toolSpeed": 4,
  "heatDamage": 0,
  "hidden": false,
  "gramPerCubicCentimeter": 8.96,
  "colorSolid": -34796,
  "colorLiquid": -34796,
  "colorGas": -34796,
  "colorPlasma": -34796,
  "meltingPoint": 2800,
  "boilingPoint": 2835,
  "plasmaPoint": 283500,
  "neutrons": 34,
  "protons": 29,
  "electrons": 29,
  "mass": 63,
  "byProducts": [],
  "alloyComponentReferences": [
    "Bronze",
    "BlackBronze",
    "AluminiumBrass",
    "SterlingSilver",
    "Brass",
    "YttriumBariumCuprate",
    "RedAlloy",
    "RoseGold",
    "Signalum",
    "Constantan"
  ],
  "tags": [
    "ITEMGENERATOR.DENSEPLATES",
    "COMPOUNDS.DECOMPOSABLE",
    "PROPERTIES.NO_ADVANCED_TOOLS",
    "PROPERTIES.HAS_TOOL_STATS",
    "ITEMGENERATOR.MOLTEN",
    "PROCESSING.CENTRIFUGABLE",
    "PROCESSING.EXTRUDABLE",
    "PROCESSING.EXTRUDABLE_SIMPLE",
    "PROCESSING.UUM_SYNTHESISABLE",
    "ITEMGENERATOR.PARTS",
    "PROCESSING.MORTAR_GRINDABLE",
    "PROCESSING.SMITHABLE",
    "ITEMGENERATOR.WIRES",
    "ITEMGENERATOR.FOILS",
    "PROCESSING.FURNACE",
    "PROCESSING.MELTING",
    "ITEMGENERATOR.STICKS",
    "ITEMGENERATOR.ARMORS",
    "ITEMGENERATOR.INGOTS",
    "ITEMGENERATOR.PLATES",
    "ITEMGENERATOR.PROJECTILES",
    "ITEMGENERATOR.INGOTS_HOT",
    "COMPOUNDS.ALLOY",
    "ITEMGENERATOR.MULTIINGOTS",
    "ITEMGENERATOR.MULTIPLATES"
  ],
  "components": {
    "stacks": [
      {
        "material": "copper",
        "amount": 648648000
      }
    ],
    "dividedStacks": [
      {
        "material": "copper",
        "amount": 648648000
      }
    ],
    "divider": 1
  },
  "description": [
    "Annealed Copper is just Copper cleaned from impurities. Therefore some of Coppers natural properties are better than in unpurified Copper.",
    "Somehow this Material dissolves Slimey substances and therefore causes severe damage to Slimes and similar Creatures!",
    "Annealed Copper is created by heating up Copper until 2800 Kelvin to dissolve most unwanted impurities.",
    "The Alloy Signalum can be a little bit hard to produce as you could end up with unwanted Sterling Silver in the Process. To prevent that, insert the Copper last, and always in small amounts at a time."
  ],
  "tooltipChemical": "Cu",
  "handleMaterial": "any_wood_or_plastic",
  "crushing": {
    "material": "annealed_copper",
    "amount": 648648000
  },
  "pulver": {
    "material": "copper",
    "amount": 648648000
  },
  "smelting": {
    "material": "annealed_copper",
    "amount": 648648000
  },
  "solidifying": {
    "material": "annealed_copper",
    "amount": 648648000
  },
  "smashing": {
    "material": "annealed_copper",
    "amount": 648648000
  },
  "cutting": {
    "material": "annealed_copper",
    "amount": 648648000
  },
  "working": {
    "material": "annealed_copper",
    "amount": 648648000
  },
  "forging": {
    "material": "annealed_copper",
    "amount": 648648000
  },
  "burning": {
    "material": "annealed_copper",
    "amount": 0
  },
  "bending": {
    "material": "annealed_copper",
    "amount": 648648000
  },
  "compressing": {
    "material": "annealed_copper",
    "amount": 648648000
  },
  "textureSet": "SHINY"
}