{
  "name": "anthracite",
  "fullName": "Anthracite",
  "originalMod": "RotaryCraft",
  "oreMultiplier": 1,
  "oreProgressingMultiplier": 1,
  "toolTypes": 0,
  "toolQuality": 0,
  "burnTime": 4800,
  "toolDurability": 0,
  "toolSpeed": 1,
  "heatDamage": 0,
  "hidden": false,
  "gramPerCubicCentimeter": 9.068,
  "colorSolid": -10855846,
  "colorLiquid": -10855846,
  "colorGas": -10855846,
  "colorPlasma": -10855846,
  "meltingPoint": 3800,
  "boilingPoint": 4300,
  "plasmaPoint": 430000,
  "neutrons": 24,
  "protons": 24,
  "electrons": 24,
  "mass": 48,
  "byProducts": [],
  "alloyComponentReferences": [],
  "tags": [
    "COMPOUNDS.DECOMPOSABLE",
    "ITEMGENERATOR.GEMS",
    "PROCESSING.ELECTROLYSABLE",
    "ITEMGENERATOR.ORES",
    "ITEMGENERATOR.DUSTS",
    "PROPERTIES.FLAMMABLE",
    "PROCESSING.UUM_SYNTHESISABLE",
    "PROCESSING.MORTAR_GRINDABLE",
    "PROPERTIES.BRITTLE",
    "ITEMGENERATOR.STICKS",
    "ITEMGENERATOR.ARMORS",
    "ITEMGENERATOR.PLATES",
    "ITEMGENERATOR.PLANTS",
    "ITEMGENERATOR.PROJECTILES",
    "ITEMGENERATOR.DIRTY_DUSTS"
  ],
  "components": {
    "stacks": [
      {
        "material": "carbon",
        "amount": 2594592000
      }
    ],
    "dividedStacks": [
      {
        "material": "carbon",
        "amount": 2594592000
      }
    ],
    "divider": 1
  },
  "tooltipChemical": "C₄",
  "handleMaterial": "any_wood_or_plastic",
  "crushing": {
    "material": "anthracite",
    "amount": 648648000
  },
  "pulver": {
    "material": "anthracite",
    "amount": 648648000
  },
  "smelting": {
    "material": "anthracite",
    "amount": 648648000
  },
  "solidifying": {
    "material": "anthracite",
    "amount": 648648000
  },
  "smashing": {
    "material": "anthracite",
    "amount": 648648000
  },
  "cutting": {
    "material": "anthracite",
    "amount": 648648000
  },
  "working": {
    "material": "anthracite",
    "amount": 648648000
  },
  "forging": {
    "material": "anthracite",
    "amount": 648648000
  },
  "burning": {
    "material": "dark_ashes",
    "amount": 324324000
  },
  "bending": {
    "material": "anthracite",
    "amount": 648648000
  },
  "compressing": {
    "material": "anthracite",
    "amount": 648648000
  },
  "textureSet": "LIGNITE"
}