{
  "name": "anti_phosphor",
  "fullName": "Anti-Phosphor",
  "originalMod": "gregapi",
  "oreMultiplier": 1,
  "oreProgressingMultiplier": 1,
  "toolTypes": 0,
  "toolQuality": 0,
  "burnTime": 0,
  "toolDurability": 0,
  "toolSpeed": 1,
  "heatDamage": 0,
  "hidden": true,
  "gramPerCubicCentimeter": 1.82,
  "colorSolid": -256,
  "colorLiquid": -256,
  "colorGas": -256,
  "colorPlasma": -256,
  "meltingPoint": 317,
  "boilingPoint": 550,
  "plasmaPoint": 55000,
  "neutrons": 15,
  "protons": 15,
  "electrons": 15,
  "mass": 30,
  "byProducts": [],
  "alloyComponentReferences": [],
  "tags": [
    "ATOMIC.NONMETAL",
    "ATOMIC.POLYATOMIC_NONMETAL",
    "ATOMIC.ELEMENT",
    "ATOMIC.ANTIMATTER",
    "ITEMGENERATOR.PLANTS",
    "ITEMGENERATOR.GEMS",
    "ITEMGENERATOR.ORES",
    "ITEMGENERATOR.DUSTS",
    "ITEMGENERATOR.DIRTY_DUSTS",
    "PROCESSING.UUM_SYNTHESISABLE",
    "PROCESSING.FUSION_SYNTHESISABLE"
  ],
  "handleMaterial": "anti_phosphor",
  "crushing": {
    "material": "anti_phosphor",
    "amount": 648648000
  },
  "pulver": {
    "material": "anti_phosphor",
    "amount": 648648000
  },
  "smelting": {
    "material": "anti_phosphor",
    "amount": 648648000
  },
  "solidifying": {
    "material": "anti_phosphor",
    "amount": 648648000
  },
  "smashing": {
    "material": "anti_phosphor",
    "amount": 648648000
  },
  "cutting": {
    "material": "anti_phosphor",
    "amount": 648648000
  },
  "working": {
    "material": "anti_phosphor",
    "amount": 648648000
  },
  "forging": {
    "material": "anti_phosphor",
    "amount": 648648000
  },
  "burning": {
    "material": "anti_phosphor",
    "amount": 0
  },
  "bending": {
    "material": "anti_phosphor",
    "amount": 648648000
  },
  "compressing": {
    "material": "anti_phosphor",
    "amount": 648648000
  },
  "textureSet": "ROUGH"
}