{
  "name": "anti_vanadium",
  "fullName": "Anti-Vanadium",
  "originalMod": "gregapi",
  "oreMultiplier": 1,
  "oreProgressingMultiplier": 1,
  "toolTypes": 0,
  "toolQuality": 0,
  "burnTime": 0,
  "toolDurability": 0,
  "toolSpeed": 1,
  "heatDamage": 0,
  "hidden": true,
  "gramPerCubicCentimeter": 6.11,
  "colorSolid": -13487566,
  "colorLiquid": -13487566,
  "colorGas": -13487566,
  "colorPlasma": -13487566,
  "meltingPoint": 2183,
  "boilingPoint": 3680,
  "plasmaPoint": 368000,
  "neutrons": 28,
  "protons": 23,
  "electrons": 23,
  "mass": 51,
  "byProducts": [],
  "alloyComponentReferences": [],
  "tags": [
    "ITEMGENERATOR.DENSEPLATES",
    "ATOMIC.ELEMENT",
    "ATOMIC.ANTIMATTER",
    "ATOMIC.METAL",
    "ITEMGENERATOR.ORES",
    "ITEMGENERATOR.DUSTS",
    "PROCESSING.UUM_SYNTHESISABLE",
    "ATOMIC.TRANSITION_METAL",
    "PROCESSING.FUSION_SYNTHESISABLE",
    "ITEMGENERATOR.FOILS",
    "ITEMGENERATOR.STICKS",
    "ITEMGENERATOR.ARMORS",
    "ITEMGENERATOR.INGOTS",
    "ITEMGENERATOR.PLATES",
    "ITEMGENERATOR.PLANTS",
    "ITEMGENERATOR.PROJECTILES",
    "ITEMGENERATOR.INGOTS_HOT",
    "ITEMGENERATOR.DIRTY_DUSTS",
    "ITEMGENERATOR.MULTIINGOTS",
    "ITEMGENERATOR.MULTIPLATES"
  ],
  "handleMaterial": "anti_vanadium",
  "crushing": {
    "material": "anti_vanadium",
    "amount": 648648000
  },
  "pulver": {
    "material": "anti_vanadium",
    "amount": 648648000
  },
  "smelting": {
    "material": "anti_vanadium",
    "amount": 648648000
  },
  "solidifying": {
    "material": "anti_vanadium",
    "amount": 648648000
  },
  "smashing": {
    "material": "anti_vanadium",
    "amount": 648648000
  },
  "cutting": {
    "material": "anti_vanadium",
    "amount": 648648000
  },
  "working": {
    "material": "anti_vanadium",
    "amount": 648648000
  },
  "forging": {
    "material": "anti_vanadium",
    "amount": 648648000
  },
  "burning": {
    "material": "anti_vanadium",
    "amount": 0
  },
  "bending": {
    "material": "anti_vanadium",
    "amount": 648648000
  },
  "compressing": {
    "material": "anti_vanadium",
    "amount": 648648000
  },
  "textureSet": "METALLIC"
}