{
  "name": "anti_iridium",
  "fullName": "Anti-Iridium",
  "originalMod": "gregapi",
  "oreMultiplier": 1,
  "oreProgressingMultiplier": 1,
  "toolTypes": 0,
  "toolQuality": 0,
  "burnTime": 0,
  "toolDurability": 0,
  "toolSpeed": 1,
  "heatDamage": 0,
  "hidden": true,
  "gramPerCubicCentimeter": 22.56,
  "colorSolid": -986891,
  "colorLiquid": -32568,
  "colorGas": -986891,
  "colorPlasma": -986891,
  "meltingPoint": 2719,
  "boilingPoint": 4701,
  "plasmaPoint": 470100,
  "neutrons": 115,
  "protons": 77,
  "electrons": 77,
  "mass": 192,
  "byProducts": [],
  "alloyComponentReferences": [],
  "tags": [
    "ITEMGENERATOR.DENSEPLATES",
    "ATOMIC.ELEMENT",
    "ATOMIC.ANTIMATTER",
    "ATOMIC.METAL",
    "ITEMGENERATOR.ORES",
    "ITEMGENERATOR.DUSTS",
    "PROCESSING.UUM_SYNTHESISABLE",
    "ATOMIC.TRANSITION_METAL",
    "ITEMGENERATOR.PARTS",
    "ITEMGENERATOR.FOILS",
    "ITEMGENERATOR.STICKS",
    "ITEMGENERATOR.ARMORS",
    "ITEMGENERATOR.INGOTS",
    "ITEMGENERATOR.PLATES",
    "ITEMGENERATOR.PLANTS",
    "ITEMGENERATOR.PROJECTILES",
    "ITEMGENERATOR.INGOTS_HOT",
    "ITEMGENERATOR.DIRTY_DUSTS",
    "ITEMGENERATOR.MULTIINGOTS",
    "ITEMGENERATOR.MULTIPLATES"
  ],
  "handleMaterial": "anti_iridium",
  "crushing": {
    "material": "anti_iridium",
    "amount": 648648000
  },
  "pulver": {
    "material": "anti_iridium",
    "amount": 648648000
  },
  "smelting": {
    "material": "anti_iridium",
    "amount": 648648000
  },
  "solidifying": {
    "material": "anti_iridium",
    "amount": 648648000
  },
  "smashing": {
    "material": "anti_iridium",
    "amount": 648648000
  },
  "cutting": {
    "material": "anti_iridium",
    "amount": 648648000
  },
  "working": {
    "material": "anti_iridium",
    "amount": 648648000
  },
  "forging": {
    "material": "anti_iridium",
    "amount": 648648000
  },
  "burning": {
    "material": "anti_iridium",
    "amount": 0
  },
  "bending": {
    "material": "anti_iridium",
    "amount": 648648000
  },
  "compressing": {
    "material": "anti_iridium",
    "amount": 648648000
  },
  "textureSet": "DULL"
}