{
  "name": "anti_mac_guffium",
  "fullName": "Anti-Mac-Guffium",
  "originalMod": "gregapi",
  "oreMultiplier": 1,
  "oreProgressingMultiplier": 1,
  "toolTypes": 0,
  "toolQuality": 0,
  "burnTime": 0,
  "toolDurability": 0,
  "toolSpeed": 1,
  "heatDamage": 0,
  "hidden": true,
  "gramPerCubicCentimeter": 3.122,
  "colorSolid": -3657066,
  "colorLiquid": -3657066,
  "colorGas": -3657066,
  "colorPlasma": -3657066,
  "meltingPoint": 200,
  "boilingPoint": 1000,
  "plasmaPoint": 100000,
  "neutrons": 665,
  "protons": 239,
  "electrons": 239,
  "mass": 904,
  "byProducts": [],
  "alloyComponentReferences": [],
  "tags": [
    "ATOMIC.ELEMENT",
    "ATOMIC.ANTIMATTER",
    "ITEMGENERATOR.CONTAINERS"
  ],
  "handleMaterial": "anti_mac_guffium",
  "crushing": {
    "material": "anti_mac_guffium",
    "amount": 648648000
  },
  "pulver": {
    "material": "anti_mac_guffium",
    "amount": 648648000
  },
  "smelting": {
    "material": "anti_mac_guffium",
    "amount": 648648000
  },
  "solidifying": {
    "material": "anti_mac_guffium",
    "amount": 648648000
  },
  "smashing": {
    "material": "anti_mac_guffium",
    "amount": 648648000
  },
  "cutting": {
    "material": "anti_mac_guffium",
    "amount": 648648000
  },
  "working": {
    "material": "anti_mac_guffium",
    "amount": 648648000
  },
  "forging": {
    "material": "anti_mac_guffium",
    "amount": 648648000
  },
  "burning": {
    "material": "anti_mac_guffium",
    "amount": 0
  },
  "bending": {
    "material": "anti_mac_guffium",
    "amount": 648648000
  },
  "compressing": {
    "material": "anti_mac_guffium",
    "amount": 648648000
  },
  "textureSet": "SHINY"
}