{
  "name": "anti_fluorine",
  "fullName": "Anti-Fluorine",
  "originalMod": "gregapi",
  "oreMultiplier": 1,
  "oreProgressingMultiplier": 1,
  "toolTypes": 0,
  "toolQuality": 0,
  "burnTime": 0,
  "toolDurability": 0,
  "toolSpeed": 1,
  "heatDamage": 0,
  "hidden": true,
  "gramPerCubicCentimeter": 0.001696,
  "colorSolid": -12533760,
  "colorLiquid": -12533760,
  "colorGas": -12533760,
  "colorPlasma": -12533760,
  "meltingPoint": 53,
  "boilingPoint": 85,
  "plasmaPoint": 8500,
  "neutrons": 9,
  "protons": 9,
  "electrons": 9,
  "mass": 18,
  "byProducts": [],
  "alloyComponentReferences": [],
  "tags": [
    "ATOMIC.NONMETAL",
    "ATOMIC.DIATOMIC_NONMETAL",
    "ATOMIC.ELEMENT",
    "ATOMIC.ANTIMATTER",
    "ITEMGENERATOR.PLANTS",
    "ITEMGENERATOR.GEMS",
    "ITEMGENERATOR.ORES",
    "ITEMGENERATOR.DUSTS",
    "ITEMGENERATOR.DIRTY_DUSTS",
    "PROCESSING.UUM_SYNTHESISABLE",
    "PROCESSING.FUSION_SYNTHESISABLE"
  ],
  "tooltipChemical": "null₂",
  "handleMaterial": "anti_fluorine",
  "crushing": {
    "material": "anti_fluorine",
    "amount": 648648000
  },
  "pulver": {
    "material": "anti_fluorine",
    "amount": 648648000
  },
  "smelting": {
    "material": "anti_fluorine",
    "amount": 648648000
  },
  "solidifying": {
    "material": "anti_fluorine",
    "amount": 648648000
  },
  "smashing": {
    "material": "anti_fluorine",
    "amount": 648648000
  },
  "cutting": {
    "material": "anti_fluorine",
    "amount": 648648000
  },
  "working": {
    "material": "anti_fluorine",
    "amount": 648648000
  },
  "forging": {
    "material": "anti_fluorine",
    "amount": 648648000
  },
  "burning": {
    "material": "anti_fluorine",
    "amount": 0
  },
  "bending": {
    "material": "anti_fluorine",
    "amount": 648648000
  },
  "compressing": {
    "material": "anti_fluorine",
    "amount": 648648000
  },
  "textureSet": "DULL"
}