{
  "name": "anti_tin",
  "fullName": "Anti-Tin",
  "originalMod": "gregapi",
  "oreMultiplier": 1,
  "oreProgressingMultiplier": 1,
  "toolTypes": 0,
  "toolQuality": 0,
  "burnTime": 0,
  "toolDurability": 0,
  "toolSpeed": 1,
  "heatDamage": 0,
  "hidden": true,
  "gramPerCubicCentimeter": 7.287,
  "colorSolid": -2302756,
  "colorLiquid": -2302756,
  "colorGas": -2302756,
  "colorPlasma": -2302756,
  "meltingPoint": 505,
  "boilingPoint": 2875,
  "plasmaPoint": 287500,
  "neutrons": 68,
  "protons": 50,
  "electrons": 50,
  "mass": 118,
  "byProducts": [],
  "alloyComponentReferences": [],
  "tags": [
    "ITEMGENERATOR.DENSEPLATES",
    "ATOMIC.ELEMENT",
    "ATOMIC.ANTIMATTER",
    "ATOMIC.METAL",
    "ITEMGENERATOR.ORES",
    "ITEMGENERATOR.DUSTS",
    "PROCESSING.UUM_SYNTHESISABLE",
    "ATOMIC.POST_TRANSITION_METAL",
    "ITEMGENERATOR.FOILS",
    "ITEMGENERATOR.STICKS",
    "ITEMGENERATOR.ARMORS",
    "ITEMGENERATOR.INGOTS",
    "ITEMGENERATOR.PLATES",
    "ITEMGENERATOR.PLANTS",
    "ITEMGENERATOR.PROJECTILES",
    "ITEMGENERATOR.INGOTS_HOT",
    "ITEMGENERATOR.DIRTY_DUSTS",
    "ITEMGENERATOR.MULTIINGOTS",
    "ITEMGENERATOR.MULTIPLATES"
  ],
  "handleMaterial": "anti_tin",
  "crushing": {
    "material": "anti_tin",
    "amount": 648648000
  },
  "pulver": {
    "material": "anti_tin",
    "amount": 648648000
  },
  "smelting": {
    "material": "anti_tin",
    "amount": 648648000
  },
  "solidifying": {
    "material": "anti_tin",
    "amount": 648648000
  },
  "smashing": {
    "material": "anti_tin",
    "amount": 648648000
  },
  "cutting": {
    "material": "anti_tin",
    "amount": 648648000
  },
  "working": {
    "material": "anti_tin",
    "amount": 648648000
  },
  "forging": {
    "material": "anti_tin",
    "amount": 648648000
  },
  "burning": {
    "material": "anti_tin",
    "amount": 0
  },
  "bending": {
    "material": "anti_tin",
    "amount": 648648000
  },
  "compressing": {
    "material": "anti_tin",
    "amount": 648648000
  },
  "textureSet": "DULL"
}