{
  "name": "anti_tripenttrium",
  "fullName": "Anti-Tripenttrium",
  "originalMod": "gregapi",
  "oreMultiplier": 1,
  "oreProgressingMultiplier": 1,
  "toolTypes": 0,
  "toolQuality": 0,
  "burnTime": 0,
  "toolDurability": 0,
  "toolSpeed": 1,
  "heatDamage": 0,
  "hidden": true,
  "gramPerCubicCentimeter": 0,
  "colorSolid": -1,
  "colorLiquid": -1,
  "colorGas": -1,
  "colorPlasma": -1,
  "meltingPoint": 1000,
  "boilingPoint": 3000,
  "plasmaPoint": 300000,
  "neutrons": 1235,
  "protons": 353,
  "electrons": 353,
  "mass": 1588,
  "byProducts": [],
  "alloyComponentReferences": [],
  "tags": [
    "ATOMIC.ELEMENT",
    "ATOMIC.ANTIMATTER"
  ],
  "handleMaterial": "anti_tripenttrium",
  "crushing": {
    "material": "anti_tripenttrium",
    "amount": 648648000
  },
  "pulver": {
    "material": "anti_tripenttrium",
    "amount": 648648000
  },
  "smelting": {
    "material": "anti_tripenttrium",
    "amount": 648648000
  },
  "solidifying": {
    "material": "anti_tripenttrium",
    "amount": 648648000
  },
  "smashing": {
    "material": "anti_tripenttrium",
    "amount": 648648000
  },
  "cutting": {
    "material": "anti_tripenttrium",
    "amount": 648648000
  },
  "working": {
    "material": "anti_tripenttrium",
    "amount": 648648000
  },
  "forging": {
    "material": "anti_tripenttrium",
    "amount": 648648000
  },
  "burning": {
    "material": "anti_tripenttrium",
    "amount": 0
  },
  "bending": {
    "material": "anti_tripenttrium",
    "amount": 648648000
  },
  "compressing": {
    "material": "anti_tripenttrium",
    "amount": 648648000
  },
  "textureSet": "SHINY"
}