{
  "name": "anti_indium",
  "fullName": "Anti-Indium",
  "originalMod": "gregapi",
  "oreMultiplier": 1,
  "oreProgressingMultiplier": 1,
  "toolTypes": 0,
  "toolQuality": 0,
  "burnTime": 0,
  "toolDurability": 0,
  "toolSpeed": 1,
  "heatDamage": 0,
  "hidden": true,
  "gramPerCubicCentimeter": 7.31,
  "colorSolid": -12582784,
  "colorLiquid": -12582784,
  "colorGas": -12582784,
  "colorPlasma": -12582784,
  "meltingPoint": 429,
  "boilingPoint": 2345,
  "plasmaPoint": 234500,
  "neutrons": 65,
  "protons": 49,
  "electrons": 49,
  "mass": 114,
  "byProducts": [],
  "alloyComponentReferences": [],
  "tags": [
    "ITEMGENERATOR.DENSEPLATES",
    "ATOMIC.ELEMENT",
    "ATOMIC.ANTIMATTER",
    "ATOMIC.METAL",
    "ITEMGENERATOR.ORES",
    "ITEMGENERATOR.DUSTS",
    "PROCESSING.UUM_SYNTHESISABLE",
    "ATOMIC.POST_TRANSITION_METAL",
    "ITEMGENERATOR.FOILS",
    "ITEMGENERATOR.STICKS",
    "ITEMGENERATOR.ARMORS",
    "ITEMGENERATOR.INGOTS",
    "ITEMGENERATOR.PLATES",
    "ITEMGENERATOR.PLANTS",
    "ITEMGENERATOR.PROJECTILES",
    "ITEMGENERATOR.INGOTS_HOT",
    "ITEMGENERATOR.DIRTY_DUSTS",
    "ITEMGENERATOR.MULTIINGOTS",
    "ITEMGENERATOR.MULTIPLATES"
  ],
  "handleMaterial": "anti_indium",
  "crushing": {
    "material": "anti_indium",
    "amount": 648648000
  },
  "pulver": {
    "material": "anti_indium",
    "amount": 648648000
  },
  "smelting": {
    "material": "anti_indium",
    "amount": 648648000
  },
  "solidifying": {
    "material": "anti_indium",
    "amount": 648648000
  },
  "smashing": {
    "material": "anti_indium",
    "amount": 648648000
  },
  "cutting": {
    "material": "anti_indium",
    "amount": 648648000
  },
  "working": {
    "material": "anti_indium",
    "amount": 648648000
  },
  "forging": {
    "material": "anti_indium",
    "amount": 648648000
  },
  "burning": {
    "material": "anti_indium",
    "amount": 0
  },
  "bending": {
    "material": "anti_indium",
    "amount": 648648000
  },
  "compressing": {
    "material": "anti_indium",
    "amount": 648648000
  },
  "textureSet": "SHINY"
}