{
  "name": "anti_lead",
  "fullName": "Anti-Lead",
  "originalMod": "gregapi",
  "oreMultiplier": 1,
  "oreProgressingMultiplier": 1,
  "toolTypes": 0,
  "toolQuality": 0,
  "burnTime": 0,
  "toolDurability": 0,
  "toolSpeed": 1,
  "heatDamage": 0,
  "hidden": true,
  "gramPerCubicCentimeter": 11.342,
  "colorSolid": -7576436,
  "colorLiquid": -7576436,
  "colorGas": -7576436,
  "colorPlasma": -7576436,
  "meltingPoint": 600,
  "boilingPoint": 2022,
  "plasmaPoint": 202200,
  "neutrons": 125,
  "protons": 82,
  "electrons": 82,
  "mass": 207,
  "byProducts": [],
  "alloyComponentReferences": [],
  "tags": [
    "ITEMGENERATOR.DENSEPLATES",
    "ATOMIC.ELEMENT",
    "ATOMIC.ANTIMATTER",
    "ATOMIC.METAL",
    "ITEMGENERATOR.ORES",
    "ITEMGENERATOR.DUSTS",
    "PROCESSING.UUM_SYNTHESISABLE",
    "ATOMIC.POST_TRANSITION_METAL",
    "ITEMGENERATOR.FOILS",
    "ITEMGENERATOR.STICKS",
    "ITEMGENERATOR.ARMORS",
    "ITEMGENERATOR.INGOTS",
    "ITEMGENERATOR.PLATES",
    "ITEMGENERATOR.PLANTS",
    "ITEMGENERATOR.PROJECTILES",
    "ITEMGENERATOR.INGOTS_HOT",
    "ITEMGENERATOR.DIRTY_DUSTS",
    "ITEMGENERATOR.MULTIINGOTS",
    "ITEMGENERATOR.MULTIPLATES"
  ],
  "handleMaterial": "anti_lead",
  "crushing": {
    "material": "anti_lead",
    "amount": 648648000
  },
  "pulver": {
    "material": "anti_lead",
    "amount": 648648000
  },
  "smelting": {
    "material": "anti_lead",
    "amount": 648648000
  },
  "solidifying": {
    "material": "anti_lead",
    "amount": 648648000
  },
  "smashing": {
    "material": "anti_lead",
    "amount": 648648000
  },
  "cutting": {
    "material": "anti_lead",
    "amount": 648648000
  },
  "working": {
    "material": "anti_lead",
    "amount": 648648000
  },
  "forging": {
    "material": "anti_lead",
    "amount": 648648000
  },
  "burning": {
    "material": "anti_lead",
    "amount": 0
  },
  "bending": {
    "material": "anti_lead",
    "amount": 648648000
  },
  "compressing": {
    "material": "anti_lead",
    "amount": 648648000
  },
  "textureSet": "DULL"
}