{
  "name": "anti_neon",
  "fullName": "Anti-Neon",
  "originalMod": "gregapi",
  "oreMultiplier": 1,
  "oreProgressingMultiplier": 1,
  "toolTypes": 0,
  "toolQuality": 0,
  "burnTime": 0,
  "toolDurability": 0,
  "toolSpeed": 1,
  "heatDamage": 0,
  "hidden": true,
  "gramPerCubicCentimeter": 0.0008999,
  "colorSolid": 268088500,
  "colorLiquid": 268088500,
  "colorGas": 268088500,
  "colorPlasma": 268088500,
  "meltingPoint": 24,
  "boilingPoint": 27,
  "plasmaPoint": 2700,
  "neutrons": 10,
  "protons": 10,
  "electrons": 10,
  "mass": 20,
  "byProducts": [],
  "alloyComponentReferences": [],
  "tags": [
    "ATOMIC.NONMETAL",
    "ITEMGENERATOR.CONTAINERS_GAS",
    "ATOMIC.NOBLE_GAS",
    "ATOMIC.ELEMENT",
    "ATOMIC.ANTIMATTER",
    "PROCESSING.UUM_SYNTHESISABLE",
    "PROCESSING.FUSION_SYNTHESISABLE"
  ],
  "handleMaterial": "anti_neon",
  "crushing": {
    "material": "anti_neon",
    "amount": 648648000
  },
  "pulver": {
    "material": "anti_neon",
    "amount": 648648000
  },
  "smelting": {
    "material": "anti_neon",
    "amount": 648648000
  },
  "solidifying": {
    "material": "anti_neon",
    "amount": 648648000
  },
  "smashing": {
    "material": "anti_neon",
    "amount": 648648000
  },
  "cutting": {
    "material": "anti_neon",
    "amount": 648648000
  },
  "working": {
    "material": "anti_neon",
    "amount": 648648000
  },
  "forging": {
    "material": "anti_neon",
    "amount": 648648000
  },
  "burning": {
    "material": "anti_neon",
    "amount": 0
  },
  "bending": {
    "material": "anti_neon",
    "amount": 648648000
  },
  "compressing": {
    "material": "anti_neon",
    "amount": 648648000
  },
  "textureSet": "SHINY"
}