{
  "name": "anti_platinum",
  "fullName": "Anti-Platinum",
  "originalMod": "gregapi",
  "oreMultiplier": 1,
  "oreProgressingMultiplier": 1,
  "toolTypes": 0,
  "toolQuality": 0,
  "burnTime": 0,
  "toolDurability": 0,
  "toolSpeed": 1,
  "heatDamage": 0,
  "hidden": true,
  "gramPerCubicCentimeter": 21.46,
  "colorSolid": -56,
  "colorLiquid": -56,
  "colorGas": -56,
  "colorPlasma": -56,
  "meltingPoint": 2041,
  "boilingPoint": 4098,
  "plasmaPoint": 409800,
  "neutrons": 117,
  "protons": 78,
  "electrons": 78,
  "mass": 195,
  "byProducts": [],
  "alloyComponentReferences": [],
  "tags": [
    "ITEMGENERATOR.DENSEPLATES",
    "ATOMIC.ELEMENT",
    "ATOMIC.ANTIMATTER",
    "ATOMIC.METAL",
    "ITEMGENERATOR.ORES",
    "ITEMGENERATOR.DUSTS",
    "PROCESSING.UUM_SYNTHESISABLE",
    "ATOMIC.TRANSITION_METAL",
    "ITEMGENERATOR.FOILS",
    "ITEMGENERATOR.STICKS",
    "ITEMGENERATOR.ARMORS",
    "ITEMGENERATOR.INGOTS",
    "ITEMGENERATOR.PLATES",
    "ITEMGENERATOR.PLANTS",
    "ITEMGENERATOR.PROJECTILES",
    "ITEMGENERATOR.INGOTS_HOT",
    "ITEMGENERATOR.DIRTY_DUSTS",
    "ITEMGENERATOR.MULTIINGOTS",
    "ITEMGENERATOR.MULTIPLATES"
  ],
  "handleMaterial": "anti_platinum",
  "crushing": {
    "material": "anti_platinum",
    "amount": 648648000
  },
  "pulver": {
    "material": "anti_platinum",
    "amount": 648648000
  },
  "smelting": {
    "material": "anti_platinum",
    "amount": 648648000
  },
  "solidifying": {
    "material": "anti_platinum",
    "amount": 648648000
  },
  "smashing": {
    "material": "anti_platinum",
    "amount": 648648000
  },
  "cutting": {
    "material": "anti_platinum",
    "amount": 648648000
  },
  "working": {
    "material": "anti_platinum",
    "amount": 648648000
  },
  "forging": {
    "material": "anti_platinum",
    "amount": 648648000
  },
  "burning": {
    "material": "anti_platinum",
    "amount": 0
  },
  "bending": {
    "material": "anti_platinum",
    "amount": 648648000
  },
  "compressing": {
    "material": "anti_platinum",
    "amount": 648648000
  },
  "textureSet": "SHINY"
}