{
  "name": "anti_thorium",
  "fullName": "Anti-Thorium",
  "originalMod": "gregapi",
  "oreMultiplier": 1,
  "oreProgressingMultiplier": 1,
  "toolTypes": 0,
  "toolQuality": 0,
  "burnTime": 0,
  "toolDurability": 0,
  "toolSpeed": 1,
  "heatDamage": 0,
  "hidden": true,
  "gramPerCubicCentimeter": 11.72,
  "colorSolid": -16769536,
  "colorLiquid": -16769536,
  "colorGas": -16769536,
  "colorPlasma": -16769536,
  "meltingPoint": 2115,
  "boilingPoint": 5061,
  "plasmaPoint": 506100,
  "neutrons": 140,
  "protons": 90,
  "electrons": 90,
  "mass": 230,
  "byProducts": [],
  "alloyComponentReferences": [],
  "tags": [
    "ITEMGENERATOR.DENSEPLATES",
    "ATOMIC.ELEMENT",
    "ATOMIC.ANTIMATTER",
    "ATOMIC.METAL",
    "ITEMGENERATOR.ORES",
    "ITEMGENERATOR.DUSTS",
    "ATOMIC.ACTINIDE",
    "ITEMGENERATOR.FOILS",
    "ITEMGENERATOR.STICKS",
    "ITEMGENERATOR.ARMORS",
    "ITEMGENERATOR.INGOTS",
    "ITEMGENERATOR.PLATES",
    "ITEMGENERATOR.PLANTS",
    "ITEMGENERATOR.PROJECTILES",
    "ITEMGENERATOR.INGOTS_HOT",
    "ITEMGENERATOR.DIRTY_DUSTS",
    "ITEMGENERATOR.MULTIINGOTS",
    "ITEMGENERATOR.MULTIPLATES"
  ],
  "handleMaterial": "anti_thorium",
  "crushing": {
    "material": "anti_thorium",
    "amount": 648648000
  },
  "pulver": {
    "material": "anti_thorium",
    "amount": 648648000
  },
  "smelting": {
    "material": "anti_thorium",
    "amount": 648648000
  },
  "solidifying": {
    "material": "anti_thorium",
    "amount": 648648000
  },
  "smashing": {
    "material": "anti_thorium",
    "amount": 648648000
  },
  "cutting": {
    "material": "anti_thorium",
    "amount": 648648000
  },
  "working": {
    "material": "anti_thorium",
    "amount": 648648000
  },
  "forging": {
    "material": "anti_thorium",
    "amount": 648648000
  },
  "burning": {
    "material": "anti_thorium",
    "amount": 0
  },
  "bending": {
    "material": "anti_thorium",
    "amount": 648648000
  },
  "compressing": {
    "material": "anti_thorium",
    "amount": 648648000
  },
  "textureSet": "SHINY"
}