{
  "name": "anti_meitnerium",
  "fullName": "Anti-Meitnerium",
  "originalMod": "gregapi",
  "oreMultiplier": 1,
  "oreProgressingMultiplier": 1,
  "toolTypes": 0,
  "toolQuality": 0,
  "burnTime": 0,
  "toolDurability": 0,
  "toolSpeed": 1,
  "heatDamage": 0,
  "hidden": true,
  "gramPerCubicCentimeter": 37.4,
  "colorSolid": -1,
  "colorLiquid": -1,
  "colorGas": -1,
  "colorPlasma": -1,
  "meltingPoint": 1000,
  "boilingPoint": 3000,
  "plasmaPoint": 300000,
  "neutrons": 167,
  "protons": 109,
  "electrons": 109,
  "mass": 276,
  "byProducts": [],
  "alloyComponentReferences": [],
  "tags": [
    "ITEMGENERATOR.DENSEPLATES",
    "ATOMIC.ELEMENT",
    "ATOMIC.ANTIMATTER",
    "ITEMGENERATOR.ORES",
    "ITEMGENERATOR.DUSTS",
    "ITEMGENERATOR.FOILS",
    "ITEMGENERATOR.STICKS",
    "ITEMGENERATOR.ARMORS",
    "ITEMGENERATOR.INGOTS",
    "ITEMGENERATOR.PLATES",
    "ITEMGENERATOR.PLANTS",
    "ITEMGENERATOR.PROJECTILES",
    "ITEMGENERATOR.INGOTS_HOT",
    "ITEMGENERATOR.DIRTY_DUSTS",
    "ITEMGENERATOR.MULTIINGOTS",
    "ITEMGENERATOR.MULTIPLATES"
  ],
  "handleMaterial": "anti_meitnerium",
  "crushing": {
    "material": "anti_meitnerium",
    "amount": 648648000
  },
  "pulver": {
    "material": "anti_meitnerium",
    "amount": 648648000
  },
  "smelting": {
    "material": "anti_meitnerium",
    "amount": 648648000
  },
  "solidifying": {
    "material": "anti_meitnerium",
    "amount": 648648000
  },
  "smashing": {
    "material": "anti_meitnerium",
    "amount": 648648000
  },
  "cutting": {
    "material": "anti_meitnerium",
    "amount": 648648000
  },
  "working": {
    "material": "anti_meitnerium",
    "amount": 648648000
  },
  "forging": {
    "material": "anti_meitnerium",
    "amount": 648648000
  },
  "burning": {
    "material": "anti_meitnerium",
    "amount": 0
  },
  "bending": {
    "material": "anti_meitnerium",
    "amount": 648648000
  },
  "compressing": {
    "material": "anti_meitnerium",
    "amount": 648648000
  },
  "textureSet": "METALLIC"
}