{
  "name": "anti_carbon14",
  "fullName": "Anti-Carbon-14",
  "originalMod": "gregapi",
  "oreMultiplier": 1,
  "oreProgressingMultiplier": 1,
  "toolTypes": 0,
  "toolQuality": 0,
  "burnTime": 0,
  "toolDurability": 0,
  "toolSpeed": 1,
  "heatDamage": 0,
  "hidden": true,
  "gramPerCubicCentimeter": 2.267,
  "colorSolid": -14803426,
  "colorLiquid": -14803426,
  "colorGas": -14803426,
  "colorPlasma": -14803426,
  "meltingPoint": 3800,
  "boilingPoint": 4300,
  "plasmaPoint": 430000,
  "neutrons": 8,
  "protons": 6,
  "electrons": 6,
  "mass": 14,
  "byProducts": [],
  "alloyComponentReferences": [],
  "tags": [
    "ATOMIC.NONMETAL",
    "ATOMIC.POLYATOMIC_NONMETAL",
    "ATOMIC.ELEMENT",
    "ATOMIC.ANTIMATTER",
    "ITEMGENERATOR.PLANTS",
    "ITEMGENERATOR.ORES",
    "ITEMGENERATOR.DUSTS",
    "ITEMGENERATOR.DIRTY_DUSTS",
    "PROCESSING.FUSION_SYNTHESISABLE"
  ],
  "handleMaterial": "anti_carbon14",
  "crushing": {
    "material": "anti_carbon14",
    "amount": 648648000
  },
  "pulver": {
    "material": "anti_carbon14",
    "amount": 648648000
  },
  "smelting": {
    "material": "anti_carbon14",
    "amount": 648648000
  },
  "solidifying": {
    "material": "anti_carbon14",
    "amount": 648648000
  },
  "smashing": {
    "material": "anti_carbon14",
    "amount": 648648000
  },
  "cutting": {
    "material": "anti_carbon14",
    "amount": 648648000
  },
  "working": {
    "material": "anti_carbon14",
    "amount": 648648000
  },
  "forging": {
    "material": "anti_carbon14",
    "amount": 648648000
  },
  "burning": {
    "material": "anti_carbon14",
    "amount": 0
  },
  "bending": {
    "material": "anti_carbon14",
    "amount": 648648000
  },
  "compressing": {
    "material": "anti_carbon14",
    "amount": 648648000
  },
  "textureSet": "DULL"
}