{
  "name": "anti_magnesium",
  "fullName": "Anti-Magnesium",
  "originalMod": "gregapi",
  "oreMultiplier": 1,
  "oreProgressingMultiplier": 1,
  "toolTypes": 0,
  "toolQuality": 0,
  "burnTime": 0,
  "toolDurability": 0,
  "toolSpeed": 1,
  "heatDamage": 0,
  "hidden": true,
  "gramPerCubicCentimeter": 1.738,
  "colorSolid": -14136,
  "colorLiquid": -14136,
  "colorGas": -14136,
  "colorPlasma": -14136,
  "meltingPoint": 923,
  "boilingPoint": 1363,
  "plasmaPoint": 136300,
  "neutrons": 12,
  "protons": 12,
  "electrons": 12,
  "mass": 24,
  "byProducts": [],
  "alloyComponentReferences": [],
  "tags": [
    "ITEMGENERATOR.DENSEPLATES",
    "ATOMIC.ELEMENT",
    "ATOMIC.ANTIMATTER",
    "ATOMIC.METAL",
    "ITEMGENERATOR.ORES",
    "ATOMIC.ALKALINE_EARTH_METAL",
    "ITEMGENERATOR.DUSTS",
    "PROCESSING.UUM_SYNTHESISABLE",
    "PROCESSING.FUSION_SYNTHESISABLE",
    "ITEMGENERATOR.FOILS",
    "ITEMGENERATOR.STICKS",
    "ITEMGENERATOR.ARMORS",
    "ITEMGENERATOR.INGOTS",
    "ITEMGENERATOR.PLATES",
    "ITEMGENERATOR.PLANTS",
    "ITEMGENERATOR.PROJECTILES",
    "ITEMGENERATOR.INGOTS_HOT",
    "ITEMGENERATOR.DIRTY_DUSTS",
    "ITEMGENERATOR.MULTIINGOTS",
    "ITEMGENERATOR.MULTIPLATES"
  ],
  "handleMaterial": "anti_magnesium",
  "crushing": {
    "material": "anti_magnesium",
    "amount": 648648000
  },
  "pulver": {
    "material": "anti_magnesium",
    "amount": 648648000
  },
  "smelting": {
    "material": "anti_magnesium",
    "amount": 648648000
  },
  "solidifying": {
    "material": "anti_magnesium",
    "amount": 648648000
  },
  "smashing": {
    "material": "anti_magnesium",
    "amount": 648648000
  },
  "cutting": {
    "material": "anti_magnesium",
    "amount": 648648000
  },
  "working": {
    "material": "anti_magnesium",
    "amount": 648648000
  },
  "forging": {
    "material": "anti_magnesium",
    "amount": 648648000
  },
  "burning": {
    "material": "anti_magnesium",
    "amount": 0
  },
  "bending": {
    "material": "anti_magnesium",
    "amount": 648648000
  },
  "compressing": {
    "material": "anti_magnesium",
    "amount": 648648000
  },
  "textureSet": "METALLIC"
}