{
  "name": "anti_lithium6",
  "fullName": "Anti-Lithium-6",
  "originalMod": "gregapi",
  "oreMultiplier": 1,
  "oreProgressingMultiplier": 1,
  "toolTypes": 0,
  "toolQuality": 0,
  "burnTime": 0,
  "toolDurability": 0,
  "toolSpeed": 1,
  "heatDamage": 0,
  "hidden": true,
  "gramPerCubicCentimeter": 0.534,
  "colorSolid": -1646081,
  "colorLiquid": -1646081,
  "colorGas": -1646081,
  "colorPlasma": -1646081,
  "meltingPoint": 453,
  "boilingPoint": 1560,
  "plasmaPoint": 156000,
  "neutrons": 3,
  "protons": 3,
  "electrons": 3,
  "mass": 6,
  "byProducts": [],
  "alloyComponentReferences": [],
  "tags": [
    "ATOMIC.ELEMENT",
    "ATOMIC.ANTIMATTER",
    "ITEMGENERATOR.PLANTS",
    "ATOMIC.METAL",
    "ATOMIC.ALKALI_METAL",
    "ITEMGENERATOR.ORES",
    "ITEMGENERATOR.DUSTS",
    "ITEMGENERATOR.DIRTY_DUSTS",
    "PROCESSING.FUSION_SYNTHESISABLE"
  ],
  "handleMaterial": "anti_lithium6",
  "crushing": {
    "material": "anti_lithium6",
    "amount": 648648000
  },
  "pulver": {
    "material": "anti_lithium6",
    "amount": 648648000
  },
  "smelting": {
    "material": "anti_lithium6",
    "amount": 648648000
  },
  "solidifying": {
    "material": "anti_lithium6",
    "amount": 648648000
  },
  "smashing": {
    "material": "anti_lithium6",
    "amount": 648648000
  },
  "cutting": {
    "material": "anti_lithium6",
    "amount": 648648000
  },
  "working": {
    "material": "anti_lithium6",
    "amount": 648648000
  },
  "forging": {
    "material": "anti_lithium6",
    "amount": 648648000
  },
  "burning": {
    "material": "anti_lithium6",
    "amount": 0
  },
  "bending": {
    "material": "anti_lithium6",
    "amount": 648648000
  },
  "compressing": {
    "material": "anti_lithium6",
    "amount": 648648000
  },
  "textureSet": "ROUGH"
}