{
  "name": "anti_natrium",
  "fullName": "Anti-Natrium",
  "oreMultiplier": 1,
  "oreProgressingMultiplier": 1,
  "toolTypes": 0,
  "toolQuality": 0,
  "burnTime": 0,
  "toolDurability": 0,
  "toolSpeed": 1,
  "heatDamage": 0,
  "hidden": false,
  "gramPerCubicCentimeter": 1,
  "colorSolid": -1,
  "colorLiquid": -1,
  "colorGas": -1,
  "colorPlasma": -1,
  "meltingPoint": 1000,
  "boilingPoint": 3000,
  "plasmaPoint": 10000,
  "neutrons": 55,
  "protons": 43,
  "electrons": 43,
  "mass": 98,
  "byProducts": [],
  "alloyComponentReferences": [],
  "tags": [
    "PROPERTIES.INVALID_MATERIAL"
  ],
  "handleMaterial": "anti_natrium",
  "crushing": {
    "material": "anti_natrium",
    "amount": 648648000
  },
  "pulver": {
    "material": "anti_natrium",
    "amount": 648648000
  },
  "smelting": {
    "material": "anti_natrium",
    "amount": 648648000
  },
  "solidifying": {
    "material": "anti_natrium",
    "amount": 648648000
  },
  "smashing": {
    "material": "anti_natrium",
    "amount": 648648000
  },
  "cutting": {
    "material": "anti_natrium",
    "amount": 648648000
  },
  "working": {
    "material": "anti_natrium",
    "amount": 648648000
  },
  "forging": {
    "material": "anti_natrium",
    "amount": 648648000
  },
  "burning": {
    "material": "anti_natrium",
    "amount": 0
  },
  "bending": {
    "material": "anti_natrium",
    "amount": 648648000
  },
  "compressing": {
    "material": "anti_natrium",
    "amount": 648648000
  },
  "textureSet": "NONE"
}