{
  "name": "anti_plutonium243",
  "fullName": "Anti-Plutonium-243",
  "originalMod": "gregapi",
  "oreMultiplier": 1,
  "oreProgressingMultiplier": 1,
  "toolTypes": 0,
  "toolQuality": 0,
  "burnTime": 0,
  "toolDurability": 0,
  "toolSpeed": 1,
  "heatDamage": 0,
  "hidden": true,
  "gramPerCubicCentimeter": 19.84,
  "colorSolid": -375226,
  "colorLiquid": -375226,
  "colorGas": -375226,
  "colorPlasma": -375226,
  "meltingPoint": 912,
  "boilingPoint": 3501,
  "plasmaPoint": 350100,
  "neutrons": 149,
  "protons": 94,
  "electrons": 94,
  "mass": 243,
  "byProducts": [],
  "alloyComponentReferences": [],
  "tags": [
    "ITEMGENERATOR.DENSEPLATES",
    "ATOMIC.ELEMENT",
    "ATOMIC.ANTIMATTER",
    "ATOMIC.METAL",
    "ITEMGENERATOR.ORES",
    "ITEMGENERATOR.DUSTS",
    "ATOMIC.ACTINIDE",
    "ITEMGENERATOR.FOILS",
    "ITEMGENERATOR.STICKS",
    "ITEMGENERATOR.ARMORS",
    "ITEMGENERATOR.INGOTS",
    "ITEMGENERATOR.PLATES",
    "ITEMGENERATOR.PLANTS",
    "ITEMGENERATOR.PROJECTILES",
    "ITEMGENERATOR.INGOTS_HOT",
    "ITEMGENERATOR.DIRTY_DUSTS",
    "ITEMGENERATOR.MULTIINGOTS",
    "ITEMGENERATOR.MULTIPLATES"
  ],
  "handleMaterial": "anti_plutonium243",
  "crushing": {
    "material": "anti_plutonium243",
    "amount": 648648000
  },
  "pulver": {
    "material": "anti_plutonium243",
    "amount": 648648000
  },
  "smelting": {
    "material": "anti_plutonium243",
    "amount": 648648000
  },
  "solidifying": {
    "material": "anti_plutonium243",
    "amount": 648648000
  },
  "smashing": {
    "material": "anti_plutonium243",
    "amount": 648648000
  },
  "cutting": {
    "material": "anti_plutonium243",
    "amount": 648648000
  },
  "working": {
    "material": "anti_plutonium243",
    "amount": 648648000
  },
  "forging": {
    "material": "anti_plutonium243",
    "amount": 648648000
  },
  "burning": {
    "material": "anti_plutonium243",
    "amount": 0
  },
  "bending": {
    "material": "anti_plutonium243",
    "amount": 648648000
  },
  "compressing": {
    "material": "anti_plutonium243",
    "amount": 648648000
  },
  "textureSet": "SHINY"
}