{
  "name": "anti_titanium",
  "fullName": "Anti-Titanium",
  "originalMod": "gregapi",
  "oreMultiplier": 1,
  "oreProgressingMultiplier": 1,
  "toolTypes": 0,
  "toolQuality": 0,
  "burnTime": 0,
  "toolDurability": 0,
  "toolSpeed": 1,
  "heatDamage": 0,
  "hidden": true,
  "gramPerCubicCentimeter": 4.54,
  "colorSolid": -2318096,
  "colorLiquid": -2318096,
  "colorGas": -2318096,
  "colorPlasma": -2318096,
  "meltingPoint": 1941,
  "boilingPoint": 3560,
  "plasmaPoint": 356000,
  "neutrons": 26,
  "protons": 22,
  "electrons": 22,
  "mass": 48,
  "byProducts": [],
  "alloyComponentReferences": [],
  "tags": [
    "ITEMGENERATOR.DENSEPLATES",
    "ATOMIC.ELEMENT",
    "ATOMIC.ANTIMATTER",
    "ATOMIC.METAL",
    "ITEMGENERATOR.ORES",
    "ITEMGENERATOR.DUSTS",
    "PROCESSING.UUM_SYNTHESISABLE",
    "ATOMIC.TRANSITION_METAL",
    "ITEMGENERATOR.PARTS",
    "PROCESSING.FUSION_SYNTHESISABLE",
    "ITEMGENERATOR.FOILS",
    "ITEMGENERATOR.STICKS",
    "ITEMGENERATOR.ARMORS",
    "ITEMGENERATOR.INGOTS",
    "ITEMGENERATOR.PLATES",
    "ITEMGENERATOR.PLANTS",
    "ITEMGENERATOR.PROJECTILES",
    "ITEMGENERATOR.INGOTS_HOT",
    "ITEMGENERATOR.DIRTY_DUSTS",
    "ITEMGENERATOR.MULTIINGOTS",
    "ITEMGENERATOR.MULTIPLATES"
  ],
  "handleMaterial": "anti_titanium",
  "crushing": {
    "material": "anti_titanium",
    "amount": 648648000
  },
  "pulver": {
    "material": "anti_titanium",
    "amount": 648648000
  },
  "smelting": {
    "material": "anti_titanium",
    "amount": 648648000
  },
  "solidifying": {
    "material": "anti_titanium",
    "amount": 648648000
  },
  "smashing": {
    "material": "anti_titanium",
    "amount": 648648000
  },
  "cutting": {
    "material": "anti_titanium",
    "amount": 648648000
  },
  "working": {
    "material": "anti_titanium",
    "amount": 648648000
  },
  "forging": {
    "material": "anti_titanium",
    "amount": 648648000
  },
  "burning": {
    "material": "anti_titanium",
    "amount": 0
  },
  "bending": {
    "material": "anti_titanium",
    "amount": 648648000
  },
  "compressing": {
    "material": "anti_titanium",
    "amount": 648648000
  },
  "textureSet": "METALLIC"
}