{
  "name": "anti_bromine",
  "fullName": "Anti-Bromine",
  "originalMod": "gregapi",
  "oreMultiplier": 1,
  "oreProgressingMultiplier": 1,
  "toolTypes": 0,
  "toolQuality": 0,
  "burnTime": 0,
  "toolDurability": 0,
  "toolSpeed": 1,
  "heatDamage": 0,
  "hidden": true,
  "gramPerCubicCentimeter": 3.122,
  "colorSolid": -1,
  "colorLiquid": -1,
  "colorGas": -1,
  "colorPlasma": -1,
  "meltingPoint": 265,
  "boilingPoint": 332,
  "plasmaPoint": 33200,
  "neutrons": 45,
  "protons": 35,
  "electrons": 35,
  "mass": 80,
  "byProducts": [],
  "alloyComponentReferences": [],
  "tags": [
    "ATOMIC.NONMETAL",
    "ATOMIC.DIATOMIC_NONMETAL",
    "ATOMIC.ELEMENT",
    "ATOMIC.ANTIMATTER",
    "ITEMGENERATOR.PLANTS",
    "ITEMGENERATOR.GEMS",
    "ITEMGENERATOR.ORES",
    "ITEMGENERATOR.DUSTS",
    "ITEMGENERATOR.DIRTY_DUSTS",
    "PROCESSING.UUM_SYNTHESISABLE"
  ],
  "tooltipChemical": "null₂",
  "handleMaterial": "anti_bromine",
  "crushing": {
    "material": "anti_bromine",
    "amount": 648648000
  },
  "pulver": {
    "material": "anti_bromine",
    "amount": 648648000
  },
  "smelting": {
    "material": "anti_bromine",
    "amount": 648648000
  },
  "solidifying": {
    "material": "anti_bromine",
    "amount": 648648000
  },
  "smashing": {
    "material": "anti_bromine",
    "amount": 648648000
  },
  "cutting": {
    "material": "anti_bromine",
    "amount": 648648000
  },
  "working": {
    "material": "anti_bromine",
    "amount": 648648000
  },
  "forging": {
    "material": "anti_bromine",
    "amount": 648648000
  },
  "burning": {
    "material": "anti_bromine",
    "amount": 0
  },
  "bending": {
    "material": "anti_bromine",
    "amount": 648648000
  },
  "compressing": {
    "material": "anti_bromine",
    "amount": 648648000
  },
  "textureSet": "DULL"
}