{
  "name": "anti_radon",
  "fullName": "Anti-Radon",
  "originalMod": "gregapi",
  "oreMultiplier": 1,
  "oreProgressingMultiplier": 1,
  "toolTypes": 0,
  "toolQuality": 0,
  "burnTime": 0,
  "toolDurability": 0,
  "toolSpeed": 1,
  "heatDamage": 0,
  "hidden": true,
  "gramPerCubicCentimeter": 0.00973,
  "colorSolid": 268370175,
  "colorLiquid": 268370175,
  "colorGas": 268370175,
  "colorPlasma": 268370175,
  "meltingPoint": 202,
  "boilingPoint": 211,
  "plasmaPoint": 21100,
  "neutrons": 134,
  "protons": 86,
  "electrons": 86,
  "mass": 220,
  "byProducts": [],
  "alloyComponentReferences": [],
  "tags": [
    "ATOMIC.NONMETAL",
    "ITEMGENERATOR.CONTAINERS_GAS",
    "ATOMIC.NOBLE_GAS",
    "ATOMIC.ELEMENT",
    "ATOMIC.ANTIMATTER"
  ],
  "handleMaterial": "anti_radon",
  "crushing": {
    "material": "anti_radon",
    "amount": 648648000
  },
  "pulver": {
    "material": "anti_radon",
    "amount": 648648000
  },
  "smelting": {
    "material": "anti_radon",
    "amount": 648648000
  },
  "solidifying": {
    "material": "anti_radon",
    "amount": 648648000
  },
  "smashing": {
    "material": "anti_radon",
    "amount": 648648000
  },
  "cutting": {
    "material": "anti_radon",
    "amount": 648648000
  },
  "working": {
    "material": "anti_radon",
    "amount": 648648000
  },
  "forging": {
    "material": "anti_radon",
    "amount": 648648000
  },
  "burning": {
    "material": "anti_radon",
    "amount": 0
  },
  "bending": {
    "material": "anti_radon",
    "amount": 648648000
  },
  "compressing": {
    "material": "anti_radon",
    "amount": 648648000
  },
  "textureSet": "DULL"
}