{
  "name": "anti_sodium",
  "fullName": "Anti-Sodium",
  "originalMod": "gregapi",
  "oreMultiplier": 1,
  "oreProgressingMultiplier": 1,
  "toolTypes": 0,
  "toolQuality": 0,
  "burnTime": 0,
  "toolDurability": 0,
  "toolSpeed": 1,
  "heatDamage": 0,
  "hidden": true,
  "gramPerCubicCentimeter": 0.971,
  "colorSolid": -16777066,
  "colorLiquid": -16777066,
  "colorGas": -16777066,
  "colorPlasma": -16777066,
  "meltingPoint": 370,
  "boilingPoint": 1156,
  "plasmaPoint": 115600,
  "neutrons": 11,
  "protons": 11,
  "electrons": 11,
  "mass": 22,
  "byProducts": [],
  "alloyComponentReferences": [],
  "tags": [
    "ATOMIC.ELEMENT",
    "ATOMIC.ANTIMATTER",
    "ITEMGENERATOR.PLANTS",
    "ATOMIC.METAL",
    "ITEMGENERATOR.GEMS",
    "ATOMIC.ALKALI_METAL",
    "ITEMGENERATOR.ORES",
    "ITEMGENERATOR.DUSTS",
    "ITEMGENERATOR.DIRTY_DUSTS",
    "PROCESSING.UUM_SYNTHESISABLE",
    "PROCESSING.FUSION_SYNTHESISABLE"
  ],
  "handleMaterial": "anti_sodium",
  "crushing": {
    "material": "anti_sodium",
    "amount": 648648000
  },
  "pulver": {
    "material": "anti_sodium",
    "amount": 648648000
  },
  "smelting": {
    "material": "anti_sodium",
    "amount": 648648000
  },
  "solidifying": {
    "material": "anti_sodium",
    "amount": 648648000
  },
  "smashing": {
    "material": "anti_sodium",
    "amount": 648648000
  },
  "cutting": {
    "material": "anti_sodium",
    "amount": 648648000
  },
  "working": {
    "material": "anti_sodium",
    "amount": 648648000
  },
  "forging": {
    "material": "anti_sodium",
    "amount": 648648000
  },
  "burning": {
    "material": "anti_sodium",
    "amount": 0
  },
  "bending": {
    "material": "anti_sodium",
    "amount": 648648000
  },
  "compressing": {
    "material": "anti_sodium",
    "amount": 648648000
  },
  "textureSet": "ROUGH"
}