{
  "name": "anti_naquadria",
  "fullName": "Anti-Naquadria",
  "originalMod": "gregapi",
  "oreMultiplier": 1,
  "oreProgressingMultiplier": 1,
  "toolTypes": 0,
  "toolQuality": 0,
  "burnTime": 0,
  "toolDurability": 0,
  "toolSpeed": 1,
  "heatDamage": 0,
  "hidden": true,
  "gramPerCubicCentimeter": 20,
  "colorSolid": -14803426,
  "colorLiquid": -8323200,
  "colorGas": -14803426,
  "colorPlasma": -14803426,
  "meltingPoint": 500,
  "boilingPoint": 2000,
  "plasmaPoint": 200000,
  "neutrons": 348,
  "protons": 174,
  "electrons": 174,
  "mass": 522,
  "byProducts": [],
  "alloyComponentReferences": [],
  "tags": [
    "ITEMGENERATOR.DENSEPLATES",
    "ATOMIC.ELEMENT",
    "ATOMIC.ANTIMATTER",
    "ITEMGENERATOR.ORES",
    "ITEMGENERATOR.DUSTS",
    "ITEMGENERATOR.FOILS",
    "ITEMGENERATOR.STICKS",
    "ITEMGENERATOR.ARMORS",
    "ITEMGENERATOR.INGOTS",
    "ITEMGENERATOR.PLATES",
    "ITEMGENERATOR.PLANTS",
    "ITEMGENERATOR.PROJECTILES",
    "ITEMGENERATOR.INGOTS_HOT",
    "ITEMGENERATOR.DIRTY_DUSTS",
    "ITEMGENERATOR.MULTIINGOTS",
    "ITEMGENERATOR.MULTIPLATES"
  ],
  "handleMaterial": "anti_naquadria",
  "crushing": {
    "material": "anti_naquadria",
    "amount": 648648000
  },
  "pulver": {
    "material": "anti_naquadria",
    "amount": 648648000
  },
  "smelting": {
    "material": "anti_naquadria",
    "amount": 648648000
  },
  "solidifying": {
    "material": "anti_naquadria",
    "amount": 648648000
  },
  "smashing": {
    "material": "anti_naquadria",
    "amount": 648648000
  },
  "cutting": {
    "material": "anti_naquadria",
    "amount": 648648000
  },
  "working": {
    "material": "anti_naquadria",
    "amount": 648648000
  },
  "forging": {
    "material": "anti_naquadria",
    "amount": 648648000
  },
  "burning": {
    "material": "anti_naquadria",
    "amount": 0
  },
  "bending": {
    "material": "anti_naquadria",
    "amount": 648648000
  },
  "compressing": {
    "material": "anti_naquadria",
    "amount": 648648000
  },
  "textureSet": "SHINY"
}