{
  "name": "anti_krypton",
  "fullName": "Anti-Krypton",
  "originalMod": "gregapi",
  "oreMultiplier": 1,
  "oreProgressingMultiplier": 1,
  "toolTypes": 0,
  "toolQuality": 0,
  "burnTime": 0,
  "toolDurability": 0,
  "toolSpeed": 1,
  "heatDamage": 0,
  "hidden": true,
  "gramPerCubicCentimeter": 0.003733,
  "colorSolid": 260112256,
  "colorLiquid": 260112256,
  "colorGas": 260112256,
  "colorPlasma": 260112256,
  "meltingPoint": 115,
  "boilingPoint": 119,
  "plasmaPoint": 11900,
  "neutrons": 48,
  "protons": 36,
  "electrons": 36,
  "mass": 84,
  "byProducts": [],
  "alloyComponentReferences": [],
  "tags": [
    "ATOMIC.NONMETAL",
    "ITEMGENERATOR.CONTAINERS_GAS",
    "ATOMIC.NOBLE_GAS",
    "ATOMIC.ELEMENT",
    "ATOMIC.ANTIMATTER",
    "PROCESSING.UUM_SYNTHESISABLE"
  ],
  "handleMaterial": "anti_krypton",
  "crushing": {
    "material": "anti_krypton",
    "amount": 648648000
  },
  "pulver": {
    "material": "anti_krypton",
    "amount": 648648000
  },
  "smelting": {
    "material": "anti_krypton",
    "amount": 648648000
  },
  "solidifying": {
    "material": "anti_krypton",
    "amount": 648648000
  },
  "smashing": {
    "material": "anti_krypton",
    "amount": 648648000
  },
  "cutting": {
    "material": "anti_krypton",
    "amount": 648648000
  },
  "working": {
    "material": "anti_krypton",
    "amount": 648648000
  },
  "forging": {
    "material": "anti_krypton",
    "amount": 648648000
  },
  "burning": {
    "material": "anti_krypton",
    "amount": 0
  },
  "bending": {
    "material": "anti_krypton",
    "amount": 648648000
  },
  "compressing": {
    "material": "anti_krypton",
    "amount": 648648000
  },
  "textureSet": "DIAMOND"
}