{
  "name": "anti_xenon",
  "fullName": "Anti-Xenon",
  "originalMod": "gregapi",
  "oreMultiplier": 1,
  "oreProgressingMultiplier": 1,
  "toolTypes": 0,
  "toolQuality": 0,
  "burnTime": 0,
  "toolDurability": 0,
  "toolSpeed": 1,
  "heatDamage": 0,
  "hidden": true,
  "gramPerCubicCentimeter": 0.005887,
  "colorSolid": 251723775,
  "colorLiquid": 251723775,
  "colorGas": 251723775,
  "colorPlasma": 251723775,
  "meltingPoint": 161,
  "boilingPoint": 165,
  "plasmaPoint": 16500,
  "neutrons": 77,
  "protons": 54,
  "electrons": 54,
  "mass": 131,
  "byProducts": [],
  "alloyComponentReferences": [],
  "tags": [
    "ATOMIC.NONMETAL",
    "ITEMGENERATOR.CONTAINERS_GAS",
    "ATOMIC.NOBLE_GAS",
    "ATOMIC.ELEMENT",
    "ATOMIC.ANTIMATTER",
    "PROCESSING.UUM_SYNTHESISABLE"
  ],
  "handleMaterial": "anti_xenon",
  "crushing": {
    "material": "anti_xenon",
    "amount": 648648000
  },
  "pulver": {
    "material": "anti_xenon",
    "amount": 648648000
  },
  "smelting": {
    "material": "anti_xenon",
    "amount": 648648000
  },
  "solidifying": {
    "material": "anti_xenon",
    "amount": 648648000
  },
  "smashing": {
    "material": "anti_xenon",
    "amount": 648648000
  },
  "cutting": {
    "material": "anti_xenon",
    "amount": 648648000
  },
  "working": {
    "material": "anti_xenon",
    "amount": 648648000
  },
  "forging": {
    "material": "anti_xenon",
    "amount": 648648000
  },
  "burning": {
    "material": "anti_xenon",
    "amount": 0
  },
  "bending": {
    "material": "anti_xenon",
    "amount": 648648000
  },
  "compressing": {
    "material": "anti_xenon",
    "amount": 648648000
  },
  "textureSet": "DULL"
}