{
  "name": "anti_potassium",
  "fullName": "Anti-Potassium",
  "originalMod": "gregapi",
  "oreMultiplier": 1,
  "oreProgressingMultiplier": 1,
  "toolTypes": 0,
  "toolQuality": 0,
  "burnTime": 0,
  "toolDurability": 0,
  "toolSpeed": 1,
  "heatDamage": 0,
  "hidden": true,
  "gramPerCubicCentimeter": 0.862,
  "colorSolid": -328966,
  "colorLiquid": -328966,
  "colorGas": -328966,
  "colorPlasma": -328966,
  "meltingPoint": 336,
  "boilingPoint": 1032,
  "plasmaPoint": 103200,
  "neutrons": 20,
  "protons": 19,
  "electrons": 19,
  "mass": 39,
  "byProducts": [],
  "alloyComponentReferences": [],
  "tags": [
    "ATOMIC.ELEMENT",
    "ATOMIC.ANTIMATTER",
    "ITEMGENERATOR.PLANTS",
    "ATOMIC.METAL",
    "ITEMGENERATOR.GEMS",
    "ATOMIC.ALKALI_METAL",
    "ITEMGENERATOR.ORES",
    "ITEMGENERATOR.DUSTS",
    "ITEMGENERATOR.DIRTY_DUSTS",
    "PROCESSING.UUM_SYNTHESISABLE",
    "PROCESSING.FUSION_SYNTHESISABLE"
  ],
  "handleMaterial": "anti_potassium",
  "crushing": {
    "material": "anti_potassium",
    "amount": 648648000
  },
  "pulver": {
    "material": "anti_potassium",
    "amount": 648648000
  },
  "smelting": {
    "material": "anti_potassium",
    "amount": 648648000
  },
  "solidifying": {
    "material": "anti_potassium",
    "amount": 648648000
  },
  "smashing": {
    "material": "anti_potassium",
    "amount": 648648000
  },
  "cutting": {
    "material": "anti_potassium",
    "amount": 648648000
  },
  "working": {
    "material": "anti_potassium",
    "amount": 648648000
  },
  "forging": {
    "material": "anti_potassium",
    "amount": 648648000
  },
  "burning": {
    "material": "anti_potassium",
    "amount": 0
  },
  "bending": {
    "material": "anti_potassium",
    "amount": 648648000
  },
  "compressing": {
    "material": "anti_potassium",
    "amount": 648648000
  },
  "textureSet": "ROUGH"
}