{
  "name": "anti_iodine",
  "fullName": "Anti-Iodine",
  "originalMod": "gregapi",
  "oreMultiplier": 1,
  "oreProgressingMultiplier": 1,
  "toolTypes": 0,
  "toolQuality": 0,
  "burnTime": 0,
  "toolDurability": 0,
  "toolSpeed": 1,
  "heatDamage": 0,
  "hidden": true,
  "gramPerCubicCentimeter": 4.93,
  "colorSolid": -3856,
  "colorLiquid": -3856,
  "colorGas": -3856,
  "colorPlasma": -3856,
  "meltingPoint": 386,
  "boilingPoint": 457,
  "plasmaPoint": 45700,
  "neutrons": 74,
  "protons": 53,
  "electrons": 53,
  "mass": 127,
  "byProducts": [],
  "alloyComponentReferences": [],
  "tags": [
    "ATOMIC.NONMETAL",
    "ATOMIC.DIATOMIC_NONMETAL",
    "ATOMIC.ELEMENT",
    "ATOMIC.ANTIMATTER",
    "ITEMGENERATOR.PLANTS",
    "ITEMGENERATOR.GEMS",
    "ITEMGENERATOR.ORES",
    "ITEMGENERATOR.DUSTS",
    "ITEMGENERATOR.DIRTY_DUSTS",
    "PROCESSING.UUM_SYNTHESISABLE"
  ],
  "tooltipChemical": "null₂",
  "handleMaterial": "anti_iodine",
  "crushing": {
    "material": "anti_iodine",
    "amount": 648648000
  },
  "pulver": {
    "material": "anti_iodine",
    "amount": 648648000
  },
  "smelting": {
    "material": "anti_iodine",
    "amount": 648648000
  },
  "solidifying": {
    "material": "anti_iodine",
    "amount": 648648000
  },
  "smashing": {
    "material": "anti_iodine",
    "amount": 648648000
  },
  "cutting": {
    "material": "anti_iodine",
    "amount": 648648000
  },
  "working": {
    "material": "anti_iodine",
    "amount": 648648000
  },
  "forging": {
    "material": "anti_iodine",
    "amount": 648648000
  },
  "burning": {
    "material": "anti_iodine",
    "amount": 0
  },
  "bending": {
    "material": "anti_iodine",
    "amount": 648648000
  },
  "compressing": {
    "material": "anti_iodine",
    "amount": 648648000
  },
  "textureSet": "DULL"
}