{
  "name": "anti_molybdenum",
  "fullName": "Anti-Molybdenum",
  "originalMod": "gregapi",
  "oreMultiplier": 1,
  "oreProgressingMultiplier": 1,
  "toolTypes": 0,
  "toolQuality": 0,
  "burnTime": 0,
  "toolDurability": 0,
  "toolSpeed": 1,
  "heatDamage": 0,
  "hidden": true,
  "gramPerCubicCentimeter": 10.22,
  "colorSolid": -4934436,
  "colorLiquid": -4934436,
  "colorGas": -4934436,
  "colorPlasma": -4934436,
  "meltingPoint": 2896,
  "boilingPoint": 4912,
  "plasmaPoint": 491200,
  "neutrons": 53,
  "protons": 42,
  "electrons": 42,
  "mass": 95,
  "byProducts": [],
  "alloyComponentReferences": [],
  "tags": [
    "ITEMGENERATOR.DENSEPLATES",
    "ATOMIC.ELEMENT",
    "ATOMIC.ANTIMATTER",
    "ATOMIC.METAL",
    "ITEMGENERATOR.ORES",
    "ITEMGENERATOR.DUSTS",
    "PROCESSING.UUM_SYNTHESISABLE",
    "ATOMIC.TRANSITION_METAL",
    "ITEMGENERATOR.FOILS",
    "ITEMGENERATOR.STICKS",
    "ITEMGENERATOR.ARMORS",
    "ITEMGENERATOR.INGOTS",
    "ITEMGENERATOR.PLATES",
    "ITEMGENERATOR.PLANTS",
    "ITEMGENERATOR.PROJECTILES",
    "ITEMGENERATOR.INGOTS_HOT",
    "ITEMGENERATOR.DIRTY_DUSTS",
    "ITEMGENERATOR.MULTIINGOTS",
    "ITEMGENERATOR.MULTIPLATES"
  ],
  "handleMaterial": "anti_molybdenum",
  "crushing": {
    "material": "anti_molybdenum",
    "amount": 648648000
  },
  "pulver": {
    "material": "anti_molybdenum",
    "amount": 648648000
  },
  "smelting": {
    "material": "anti_molybdenum",
    "amount": 648648000
  },
  "solidifying": {
    "material": "anti_molybdenum",
    "amount": 648648000
  },
  "smashing": {
    "material": "anti_molybdenum",
    "amount": 648648000
  },
  "cutting": {
    "material": "anti_molybdenum",
    "amount": 648648000
  },
  "working": {
    "material": "anti_molybdenum",
    "amount": 648648000
  },
  "forging": {
    "material": "anti_molybdenum",
    "amount": 648648000
  },
  "burning": {
    "material": "anti_molybdenum",
    "amount": 0
  },
  "bending": {
    "material": "anti_molybdenum",
    "amount": 648648000
  },
  "compressing": {
    "material": "anti_molybdenum",
    "amount": 648648000
  },
  "textureSet": "SHINY"
}