{
  "name": "anti_adamantium",
  "fullName": "Anti-Adamantium",
  "originalMod": "gregapi",
  "oreMultiplier": 1,
  "oreProgressingMultiplier": 1,
  "toolTypes": 3,
  "toolQuality": 5,
  "burnTime": 0,
  "toolDurability": 5120,
  "toolSpeed": 10,
  "heatDamage": 0,
  "hidden": true,
  "gramPerCubicCentimeter": 13.35624762,
  "colorSolid": -1,
  "colorLiquid": -1,
  "colorGas": -1,
  "colorPlasma": -1,
  "meltingPoint": 5425,
  "boilingPoint": 14528,
  "plasmaPoint": 1452800,
  "neutrons": 580,
  "protons": 222,
  "electrons": 222,
  "mass": 802,
  "byProducts": [],
  "alloyComponentReferences": [],
  "tags": [
    "ITEMGENERATOR.DENSEPLATES",
    "ATOMIC.ELEMENT",
    "ATOMIC.ANTIMATTER",
    "ITEMGENERATOR.ORES",
    "PROPERTIES.MAGICAL",
    "ITEMGENERATOR.DUSTS",
    "ITEMGENERATOR.PARTS",
    "PROCESSING.SMITHABLE",
    "ITEMGENERATOR.FOILS",
    "PROCESSING.MELTING",
    "ITEMGENERATOR.STICKS",
    "ITEMGENERATOR.ARMORS",
    "ITEMGENERATOR.INGOTS",
    "ITEMGENERATOR.PLATES",
    "ITEMGENERATOR.PLANTS",
    "ITEMGENERATOR.PROJECTILES",
    "ITEMGENERATOR.INGOTS_HOT",
    "PROPERTIES.HAS_TOOL_STATS",
    "ITEMGENERATOR.DIRTY_DUSTS",
    "ITEMGENERATOR.MULTIINGOTS",
    "ITEMGENERATOR.MULTIPLATES"
  ],
  "handleMaterial": "anti_adamantium",
  "crushing": {
    "material": "anti_adamantium",
    "amount": 648648000
  },
  "pulver": {
    "material": "anti_adamantium",
    "amount": 648648000
  },
  "smelting": {
    "material": "anti_adamantium",
    "amount": 648648000
  },
  "solidifying": {
    "material": "anti_adamantium",
    "amount": 648648000
  },
  "smashing": {
    "material": "anti_adamantium",
    "amount": 648648000
  },
  "cutting": {
    "material": "anti_adamantium",
    "amount": 648648000
  },
  "working": {
    "material": "anti_adamantium",
    "amount": 648648000
  },
  "forging": {
    "material": "anti_adamantium",
    "amount": 648648000
  },
  "burning": {
    "material": "anti_adamantium",
    "amount": 0
  },
  "bending": {
    "material": "anti_adamantium",
    "amount": 648648000
  },
  "compressing": {
    "material": "anti_adamantium",
    "amount": 648648000
  },
  "textureSet": "SHINY"
}