{
  "name": "anti_tritium",
  "fullName": "Anti-Tritium",
  "originalMod": "gregapi",
  "oreMultiplier": 1,
  "oreProgressingMultiplier": 1,
  "toolTypes": 0,
  "toolQuality": 0,
  "burnTime": 0,
  "toolDurability": 0,
  "toolSpeed": 1,
  "heatDamage": 0,
  "hidden": true,
  "gramPerCubicCentimeter": 0.00008988,
  "colorSolid": 268369920,
  "colorLiquid": 268369920,
  "colorGas": 268369920,
  "colorPlasma": 268369920,
  "meltingPoint": 14,
  "boilingPoint": 20,
  "plasmaPoint": 2000,
  "neutrons": 2,
  "protons": 1,
  "electrons": 1,
  "mass": 3,
  "byProducts": [],
  "alloyComponentReferences": [],
  "tags": [
    "ATOMIC.NONMETAL",
    "ITEMGENERATOR.CONTAINERS_GAS",
    "ATOMIC.DIATOMIC_NONMETAL",
    "ATOMIC.ELEMENT",
    "ATOMIC.ANTIMATTER"
  ],
  "tooltipChemical": "null₂",
  "handleMaterial": "anti_tritium",
  "crushing": {
    "material": "anti_tritium",
    "amount": 648648000
  },
  "pulver": {
    "material": "anti_tritium",
    "amount": 648648000
  },
  "smelting": {
    "material": "anti_tritium",
    "amount": 648648000
  },
  "solidifying": {
    "material": "anti_tritium",
    "amount": 648648000
  },
  "smashing": {
    "material": "anti_tritium",
    "amount": 648648000
  },
  "cutting": {
    "material": "anti_tritium",
    "amount": 648648000
  },
  "working": {
    "material": "anti_tritium",
    "amount": 648648000
  },
  "forging": {
    "material": "anti_tritium",
    "amount": 648648000
  },
  "burning": {
    "material": "anti_tritium",
    "amount": 0
  },
  "bending": {
    "material": "anti_tritium",
    "amount": 648648000
  },
  "compressing": {
    "material": "anti_tritium",
    "amount": 648648000
  },
  "textureSet": "SHINY"
}