{
  "name": "anti_niobium",
  "fullName": "Anti-Niobium",
  "originalMod": "gregapi",
  "oreMultiplier": 1,
  "oreProgressingMultiplier": 1,
  "toolTypes": 0,
  "toolQuality": 0,
  "burnTime": 0,
  "toolDurability": 0,
  "toolSpeed": 1,
  "heatDamage": 0,
  "hidden": true,
  "gramPerCubicCentimeter": 8.57,
  "colorSolid": -4279096,
  "colorLiquid": -4279096,
  "colorGas": -4279096,
  "colorPlasma": -4279096,
  "meltingPoint": 2750,
  "boilingPoint": 5017,
  "plasmaPoint": 501700,
  "neutrons": 53,
  "protons": 41,
  "electrons": 41,
  "mass": 94,
  "byProducts": [],
  "alloyComponentReferences": [],
  "tags": [
    "ITEMGENERATOR.DENSEPLATES",
    "ATOMIC.ELEMENT",
    "ATOMIC.ANTIMATTER",
    "ATOMIC.METAL",
    "ITEMGENERATOR.ORES",
    "ITEMGENERATOR.DUSTS",
    "PROCESSING.UUM_SYNTHESISABLE",
    "ATOMIC.TRANSITION_METAL",
    "ITEMGENERATOR.FOILS",
    "ITEMGENERATOR.STICKS",
    "ITEMGENERATOR.ARMORS",
    "ITEMGENERATOR.INGOTS",
    "ITEMGENERATOR.PLATES",
    "ITEMGENERATOR.PLANTS",
    "ITEMGENERATOR.PROJECTILES",
    "ITEMGENERATOR.INGOTS_HOT",
    "ITEMGENERATOR.DIRTY_DUSTS",
    "ITEMGENERATOR.MULTIINGOTS",
    "ITEMGENERATOR.MULTIPLATES"
  ],
  "handleMaterial": "anti_niobium",
  "crushing": {
    "material": "anti_niobium",
    "amount": 648648000
  },
  "pulver": {
    "material": "anti_niobium",
    "amount": 648648000
  },
  "smelting": {
    "material": "anti_niobium",
    "amount": 648648000
  },
  "solidifying": {
    "material": "anti_niobium",
    "amount": 648648000
  },
  "smashing": {
    "material": "anti_niobium",
    "amount": 648648000
  },
  "cutting": {
    "material": "anti_niobium",
    "amount": 648648000
  },
  "working": {
    "material": "anti_niobium",
    "amount": 648648000
  },
  "forging": {
    "material": "anti_niobium",
    "amount": 648648000
  },
  "burning": {
    "material": "anti_niobium",
    "amount": 0
  },
  "bending": {
    "material": "anti_niobium",
    "amount": 648648000
  },
  "compressing": {
    "material": "anti_niobium",
    "amount": 648648000
  },
  "textureSet": "METALLIC"
}