{
  "name": "anti_gallium",
  "fullName": "Anti-Gallium",
  "originalMod": "gregapi",
  "oreMultiplier": 1,
  "oreProgressingMultiplier": 1,
  "toolTypes": 0,
  "toolQuality": 0,
  "burnTime": 0,
  "toolDurability": 0,
  "toolSpeed": 1,
  "heatDamage": 0,
  "hidden": true,
  "gramPerCubicCentimeter": 5.907,
  "colorSolid": -2302721,
  "colorLiquid": -2302721,
  "colorGas": -2302721,
  "colorPlasma": -2302721,
  "meltingPoint": 302,
  "boilingPoint": 2477,
  "plasmaPoint": 247700,
  "neutrons": 39,
  "protons": 31,
  "electrons": 31,
  "mass": 70,
  "byProducts": [],
  "alloyComponentReferences": [],
  "tags": [
    "ITEMGENERATOR.DENSEPLATES",
    "ATOMIC.ELEMENT",
    "ATOMIC.ANTIMATTER",
    "ATOMIC.METAL",
    "ITEMGENERATOR.ORES",
    "ITEMGENERATOR.DUSTS",
    "PROCESSING.UUM_SYNTHESISABLE",
    "ATOMIC.POST_TRANSITION_METAL",
    "ITEMGENERATOR.FOILS",
    "ITEMGENERATOR.STICKS",
    "ITEMGENERATOR.ARMORS",
    "ITEMGENERATOR.INGOTS",
    "ITEMGENERATOR.PLATES",
    "ITEMGENERATOR.PLANTS",
    "ITEMGENERATOR.PROJECTILES",
    "ITEMGENERATOR.INGOTS_HOT",
    "ITEMGENERATOR.DIRTY_DUSTS",
    "ITEMGENERATOR.MULTIINGOTS",
    "ITEMGENERATOR.MULTIPLATES"
  ],
  "handleMaterial": "anti_gallium",
  "crushing": {
    "material": "anti_gallium",
    "amount": 648648000
  },
  "pulver": {
    "material": "anti_gallium",
    "amount": 648648000
  },
  "smelting": {
    "material": "anti_gallium",
    "amount": 648648000
  },
  "solidifying": {
    "material": "anti_gallium",
    "amount": 648648000
  },
  "smashing": {
    "material": "anti_gallium",
    "amount": 648648000
  },
  "cutting": {
    "material": "anti_gallium",
    "amount": 648648000
  },
  "working": {
    "material": "anti_gallium",
    "amount": 648648000
  },
  "forging": {
    "material": "anti_gallium",
    "amount": 648648000
  },
  "burning": {
    "material": "anti_gallium",
    "amount": 0
  },
  "bending": {
    "material": "anti_gallium",
    "amount": 648648000
  },
  "compressing": {
    "material": "anti_gallium",
    "amount": 648648000
  },
  "textureSet": "DULL"
}