{
  "name": "anti_americium",
  "fullName": "Anti-Americium",
  "originalMod": "gregapi",
  "oreMultiplier": 1,
  "oreProgressingMultiplier": 1,
  "toolTypes": 0,
  "toolQuality": 0,
  "burnTime": 0,
  "toolDurability": 0,
  "toolSpeed": 1,
  "heatDamage": 0,
  "hidden": true,
  "gramPerCubicCentimeter": 13.69,
  "colorSolid": -3618616,
  "colorLiquid": -3618616,
  "colorGas": -3618616,
  "colorPlasma": -3618616,
  "meltingPoint": 1449,
  "boilingPoint": 2880,
  "plasmaPoint": 288000,
  "neutrons": 150,
  "protons": 95,
  "electrons": 95,
  "mass": 245,
  "byProducts": [],
  "alloyComponentReferences": [],
  "tags": [
    "ITEMGENERATOR.DENSEPLATES",
    "ATOMIC.ELEMENT",
    "ATOMIC.ANTIMATTER",
    "ATOMIC.METAL",
    "ITEMGENERATOR.ORES",
    "ITEMGENERATOR.DUSTS",
    "ATOMIC.ACTINIDE",
    "ITEMGENERATOR.FOILS",
    "ITEMGENERATOR.STICKS",
    "ITEMGENERATOR.ARMORS",
    "ITEMGENERATOR.INGOTS",
    "ITEMGENERATOR.PLATES",
    "ITEMGENERATOR.PLANTS",
    "ITEMGENERATOR.PROJECTILES",
    "ITEMGENERATOR.INGOTS_HOT",
    "ITEMGENERATOR.DIRTY_DUSTS",
    "ITEMGENERATOR.MULTIINGOTS",
    "ITEMGENERATOR.MULTIPLATES"
  ],
  "handleMaterial": "anti_americium",
  "crushing": {
    "material": "anti_americium",
    "amount": 648648000
  },
  "pulver": {
    "material": "anti_americium",
    "amount": 648648000
  },
  "smelting": {
    "material": "anti_americium",
    "amount": 648648000
  },
  "solidifying": {
    "material": "anti_americium",
    "amount": 648648000
  },
  "smashing": {
    "material": "anti_americium",
    "amount": 648648000
  },
  "cutting": {
    "material": "anti_americium",
    "amount": 648648000
  },
  "working": {
    "material": "anti_americium",
    "amount": 648648000
  },
  "forging": {
    "material": "anti_americium",
    "amount": 648648000
  },
  "burning": {
    "material": "anti_americium",
    "amount": 0
  },
  "bending": {
    "material": "anti_americium",
    "amount": 648648000
  },
  "compressing": {
    "material": "anti_americium",
    "amount": 648648000
  },
  "textureSet": "METALLIC"
}