{
  "name": "anti_silicon",
  "fullName": "Anti-Silicon",
  "originalMod": "gregapi",
  "oreMultiplier": 1,
  "oreProgressingMultiplier": 1,
  "toolTypes": 0,
  "toolQuality": 0,
  "burnTime": 0,
  "toolDurability": 0,
  "toolSpeed": 1,
  "heatDamage": 0,
  "hidden": true,
  "gramPerCubicCentimeter": 2.3296,
  "colorSolid": -12829616,
  "colorLiquid": -12829616,
  "colorGas": -12829616,
  "colorPlasma": -12829616,
  "meltingPoint": 1687,
  "boilingPoint": 3538,
  "plasmaPoint": 353800,
  "neutrons": 14,
  "protons": 14,
  "electrons": 14,
  "mass": 28,
  "byProducts": [],
  "alloyComponentReferences": [],
  "tags": [
    "ITEMGENERATOR.DENSEPLATES",
    "ATOMIC.ELEMENT",
    "ATOMIC.ANTIMATTER",
    "ITEMGENERATOR.ORES",
    "ITEMGENERATOR.DUSTS",
    "PROCESSING.UUM_SYNTHESISABLE",
    "PROCESSING.FUSION_SYNTHESISABLE",
    "ATOMIC.METALLOID",
    "ITEMGENERATOR.FOILS",
    "ITEMGENERATOR.STICKS",
    "ITEMGENERATOR.ARMORS",
    "ITEMGENERATOR.INGOTS",
    "ITEMGENERATOR.PLATES",
    "ITEMGENERATOR.PLANTS",
    "ITEMGENERATOR.PROJECTILES",
    "ITEMGENERATOR.INGOTS_HOT",
    "ITEMGENERATOR.DIRTY_DUSTS",
    "ITEMGENERATOR.MULTIINGOTS",
    "ITEMGENERATOR.MULTIPLATES"
  ],
  "handleMaterial": "anti_silicon",
  "crushing": {
    "material": "anti_silicon",
    "amount": 648648000
  },
  "pulver": {
    "material": "anti_silicon",
    "amount": 648648000
  },
  "smelting": {
    "material": "anti_silicon",
    "amount": 648648000
  },
  "solidifying": {
    "material": "anti_silicon",
    "amount": 648648000
  },
  "smashing": {
    "material": "anti_silicon",
    "amount": 648648000
  },
  "cutting": {
    "material": "anti_silicon",
    "amount": 648648000
  },
  "working": {
    "material": "anti_silicon",
    "amount": 648648000
  },
  "forging": {
    "material": "anti_silicon",
    "amount": 648648000
  },
  "burning": {
    "material": "anti_silicon",
    "amount": 0
  },
  "bending": {
    "material": "anti_silicon",
    "amount": 648648000
  },
  "compressing": {
    "material": "anti_silicon",
    "amount": 648648000
  },
  "textureSet": "METALLIC"
}