{
  "name": "anti_chlorine",
  "fullName": "Anti-Chlorine",
  "originalMod": "gregapi",
  "oreMultiplier": 1,
  "oreProgressingMultiplier": 1,
  "toolTypes": 0,
  "toolQuality": 0,
  "burnTime": 0,
  "toolDurability": 0,
  "toolSpeed": 1,
  "heatDamage": 0,
  "hidden": true,
  "gramPerCubicCentimeter": 0.003214,
  "colorSolid": -16715521,
  "colorLiquid": -16715521,
  "colorGas": -16715521,
  "colorPlasma": -16715521,
  "meltingPoint": 171,
  "boilingPoint": 239,
  "plasmaPoint": 23900,
  "neutrons": 18,
  "protons": 17,
  "electrons": 17,
  "mass": 35,
  "byProducts": [],
  "alloyComponentReferences": [],
  "tags": [
    "ATOMIC.NONMETAL",
    "ATOMIC.DIATOMIC_NONMETAL",
    "ATOMIC.ELEMENT",
    "ATOMIC.ANTIMATTER",
    "ITEMGENERATOR.PLANTS",
    "ITEMGENERATOR.GEMS",
    "ITEMGENERATOR.ORES",
    "ITEMGENERATOR.DUSTS",
    "ITEMGENERATOR.DIRTY_DUSTS",
    "PROCESSING.UUM_SYNTHESISABLE",
    "PROCESSING.FUSION_SYNTHESISABLE"
  ],
  "tooltipChemical": "null₂",
  "handleMaterial": "anti_chlorine",
  "crushing": {
    "material": "anti_chlorine",
    "amount": 648648000
  },
  "pulver": {
    "material": "anti_chlorine",
    "amount": 648648000
  },
  "smelting": {
    "material": "anti_chlorine",
    "amount": 648648000
  },
  "solidifying": {
    "material": "anti_chlorine",
    "amount": 648648000
  },
  "smashing": {
    "material": "anti_chlorine",
    "amount": 648648000
  },
  "cutting": {
    "material": "anti_chlorine",
    "amount": 648648000
  },
  "working": {
    "material": "anti_chlorine",
    "amount": 648648000
  },
  "forging": {
    "material": "anti_chlorine",
    "amount": 648648000
  },
  "burning": {
    "material": "anti_chlorine",
    "amount": 0
  },
  "bending": {
    "material": "anti_chlorine",
    "amount": 648648000
  },
  "compressing": {
    "material": "anti_chlorine",
    "amount": 648648000
  },
  "textureSet": "DULL"
}