{
  "name": "anti_nitrogen",
  "fullName": "Anti-Nitrogen",
  "originalMod": "gregapi",
  "oreMultiplier": 1,
  "oreProgressingMultiplier": 1,
  "toolTypes": 0,
  "toolQuality": 0,
  "burnTime": 0,
  "toolDurability": 0,
  "toolSpeed": 1,
  "heatDamage": 0,
  "hidden": true,
  "gramPerCubicCentimeter": 0.0012506,
  "colorSolid": 251696840,
  "colorLiquid": 251696840,
  "colorGas": 251696840,
  "colorPlasma": 251696840,
  "meltingPoint": 63,
  "boilingPoint": 77,
  "plasmaPoint": 7700,
  "neutrons": 7,
  "protons": 7,
  "electrons": 7,
  "mass": 14,
  "byProducts": [],
  "alloyComponentReferences": [],
  "tags": [
    "ATOMIC.NONMETAL",
    "ITEMGENERATOR.CONTAINERS_GAS",
    "ATOMIC.DIATOMIC_NONMETAL",
    "ATOMIC.ELEMENT",
    "ATOMIC.ANTIMATTER",
    "PROCESSING.UUM_SYNTHESISABLE",
    "PROCESSING.FUSION_SYNTHESISABLE"
  ],
  "tooltipChemical": "null₂",
  "handleMaterial": "anti_nitrogen",
  "crushing": {
    "material": "anti_nitrogen",
    "amount": 648648000
  },
  "pulver": {
    "material": "anti_nitrogen",
    "amount": 648648000
  },
  "smelting": {
    "material": "anti_nitrogen",
    "amount": 648648000
  },
  "solidifying": {
    "material": "anti_nitrogen",
    "amount": 648648000
  },
  "smashing": {
    "material": "anti_nitrogen",
    "amount": 648648000
  },
  "cutting": {
    "material": "anti_nitrogen",
    "amount": 648648000
  },
  "working": {
    "material": "anti_nitrogen",
    "amount": 648648000
  },
  "forging": {
    "material": "anti_nitrogen",
    "amount": 648648000
  },
  "burning": {
    "material": "anti_nitrogen",
    "amount": 0
  },
  "bending": {
    "material": "anti_nitrogen",
    "amount": 648648000
  },
  "compressing": {
    "material": "anti_nitrogen",
    "amount": 648648000
  },
  "textureSet": "DULL"
}