{
  "name": "anti_gravitonium",
  "fullName": "Anti-Gravitonium",
  "originalMod": "gregapi",
  "oreMultiplier": 1,
  "oreProgressingMultiplier": 1,
  "toolTypes": 0,
  "toolQuality": 0,
  "burnTime": 0,
  "toolDurability": 0,
  "toolSpeed": 1,
  "heatDamage": 0,
  "hidden": true,
  "gramPerCubicCentimeter": 1768.866761,
  "colorSolid": -16764416,
  "colorLiquid": -16764416,
  "colorGas": -16764416,
  "colorPlasma": -16764416,
  "meltingPoint": 112,
  "boilingPoint": 1275,
  "plasmaPoint": 127500,
  "neutrons": 1330,
  "protons": 372,
  "electrons": 372,
  "mass": 1702,
  "byProducts": [],
  "alloyComponentReferences": [],
  "tags": [
    "ATOMIC.ELEMENT",
    "ATOMIC.ANTIMATTER",
    "ITEMGENERATOR.CONTAINERS"
  ],
  "handleMaterial": "anti_gravitonium",
  "crushing": {
    "material": "anti_gravitonium",
    "amount": 648648000
  },
  "pulver": {
    "material": "anti_gravitonium",
    "amount": 648648000
  },
  "smelting": {
    "material": "anti_gravitonium",
    "amount": 648648000
  },
  "solidifying": {
    "material": "anti_gravitonium",
    "amount": 648648000
  },
  "smashing": {
    "material": "anti_gravitonium",
    "amount": 648648000
  },
  "cutting": {
    "material": "anti_gravitonium",
    "amount": 648648000
  },
  "working": {
    "material": "anti_gravitonium",
    "amount": 648648000
  },
  "forging": {
    "material": "anti_gravitonium",
    "amount": 648648000
  },
  "burning": {
    "material": "anti_gravitonium",
    "amount": 0
  },
  "bending": {
    "material": "anti_gravitonium",
    "amount": 648648000
  },
  "compressing": {
    "material": "anti_gravitonium",
    "amount": 648648000
  },
  "textureSet": "SHINY"
}