{
  "name": "anti_vibranium",
  "fullName": "Anti-Vibranium",
  "originalMod": "gregapi",
  "oreMultiplier": 1,
  "oreProgressingMultiplier": 1,
  "toolTypes": 3,
  "toolQuality": 15,
  "burnTime": 0,
  "toolDurability": 512,
  "toolSpeed": 1000,
  "heatDamage": 0,
  "hidden": true,
  "gramPerCubicCentimeter": 3.23978365,
  "colorSolid": 1690861823,
  "colorLiquid": 1690861823,
  "colorGas": 1690861823,
  "colorPlasma": 1690861823,
  "meltingPoint": 4852,
  "boilingPoint": 9415,
  "plasmaPoint": 941500,
  "neutrons": 266,
  "protons": 152,
  "electrons": 152,
  "mass": 418,
  "byProducts": [],
  "alloyComponentReferences": [],
  "tags": [
    "ATOMIC.ELEMENT",
    "ATOMIC.ANTIMATTER",
    "ITEMGENERATOR.GEMS",
    "ITEMGENERATOR.ORES",
    "ITEMGENERATOR.DUSTS",
    "ITEMGENERATOR.PARTS",
    "ITEMGENERATOR.LENSES",
    "ITEMGENERATOR.STICKS",
    "ITEMGENERATOR.ARMORS",
    "PROPERTIES.TRANSPARENT",
    "ITEMGENERATOR.PLATES",
    "ITEMGENERATOR.PLANTS",
    "ITEMGENERATOR.PROJECTILES",
    "PROPERTIES.HAS_TOOL_STATS",
    "ITEMGENERATOR.DIRTY_DUSTS"
  ],
  "handleMaterial": "anti_vibranium",
  "crushing": {
    "material": "anti_vibranium",
    "amount": 648648000
  },
  "pulver": {
    "material": "anti_vibranium",
    "amount": 648648000
  },
  "smelting": {
    "material": "anti_vibranium",
    "amount": 648648000
  },
  "solidifying": {
    "material": "anti_vibranium",
    "amount": 648648000
  },
  "smashing": {
    "material": "anti_vibranium",
    "amount": 648648000
  },
  "cutting": {
    "material": "anti_vibranium",
    "amount": 648648000
  },
  "working": {
    "material": "anti_vibranium",
    "amount": 648648000
  },
  "forging": {
    "material": "anti_vibranium",
    "amount": 648648000
  },
  "burning": {
    "material": "anti_vibranium",
    "amount": 0
  },
  "bending": {
    "material": "anti_vibranium",
    "amount": 648648000
  },
  "compressing": {
    "material": "anti_vibranium",
    "amount": 648648000
  },
  "textureSet": "EMERALD"
}