{
  "name": "anti_sulfur",
  "fullName": "Anti-Sulfur",
  "originalMod": "gregapi",
  "oreMultiplier": 1,
  "oreProgressingMultiplier": 1,
  "toolTypes": 0,
  "toolQuality": 0,
  "burnTime": 0,
  "toolDurability": 0,
  "toolSpeed": 1,
  "heatDamage": 0,
  "hidden": true,
  "gramPerCubicCentimeter": 2.067,
  "colorSolid": -3618816,
  "colorLiquid": -3618816,
  "colorGas": -3618816,
  "colorPlasma": -3618816,
  "meltingPoint": 388,
  "boilingPoint": 717,
  "plasmaPoint": 71700,
  "neutrons": 16,
  "protons": 16,
  "electrons": 16,
  "mass": 32,
  "byProducts": [],
  "alloyComponentReferences": [],
  "tags": [
    "ATOMIC.NONMETAL",
    "ATOMIC.POLYATOMIC_NONMETAL",
    "ATOMIC.ELEMENT",
    "ATOMIC.ANTIMATTER",
    "ITEMGENERATOR.PLANTS",
    "ITEMGENERATOR.GEMS",
    "ITEMGENERATOR.ORES",
    "ITEMGENERATOR.DUSTS",
    "ITEMGENERATOR.DIRTY_DUSTS",
    "PROCESSING.UUM_SYNTHESISABLE",
    "PROCESSING.FUSION_SYNTHESISABLE"
  ],
  "handleMaterial": "anti_sulfur",
  "crushing": {
    "material": "anti_sulfur",
    "amount": 648648000
  },
  "pulver": {
    "material": "anti_sulfur",
    "amount": 648648000
  },
  "smelting": {
    "material": "anti_sulfur",
    "amount": 648648000
  },
  "solidifying": {
    "material": "anti_sulfur",
    "amount": 648648000
  },
  "smashing": {
    "material": "anti_sulfur",
    "amount": 648648000
  },
  "cutting": {
    "material": "anti_sulfur",
    "amount": 648648000
  },
  "working": {
    "material": "anti_sulfur",
    "amount": 648648000
  },
  "forging": {
    "material": "anti_sulfur",
    "amount": 648648000
  },
  "burning": {
    "material": "anti_sulfur",
    "amount": 0
  },
  "bending": {
    "material": "anti_sulfur",
    "amount": 648648000
  },
  "compressing": {
    "material": "anti_sulfur",
    "amount": 648648000
  },
  "textureSet": "ROUGH"
}