{
  "name": "anti_beryllium",
  "fullName": "Anti-Beryllium",
  "originalMod": "gregapi",
  "oreMultiplier": 1,
  "oreProgressingMultiplier": 1,
  "toolTypes": 0,
  "toolQuality": 0,
  "burnTime": 0,
  "toolDurability": 0,
  "toolSpeed": 1,
  "heatDamage": 0,
  "hidden": true,
  "gramPerCubicCentimeter": 1.85,
  "colorSolid": -10177436,
  "colorLiquid": -10177436,
  "colorGas": -10177436,
  "colorPlasma": -10177436,
  "meltingPoint": 1560,
  "boilingPoint": 2742,
  "plasmaPoint": 274200,
  "neutrons": 5,
  "protons": 4,
  "electrons": 4,
  "mass": 9,
  "byProducts": [],
  "alloyComponentReferences": [],
  "tags": [
    "ITEMGENERATOR.DENSEPLATES",
    "ATOMIC.ELEMENT",
    "ATOMIC.ANTIMATTER",
    "ATOMIC.METAL",
    "ITEMGENERATOR.ORES",
    "ATOMIC.ALKALINE_EARTH_METAL",
    "ITEMGENERATOR.DUSTS",
    "PROCESSING.UUM_SYNTHESISABLE",
    "PROCESSING.FUSION_SYNTHESISABLE",
    "ITEMGENERATOR.FOILS",
    "ITEMGENERATOR.STICKS",
    "ITEMGENERATOR.ARMORS",
    "ITEMGENERATOR.INGOTS",
    "ITEMGENERATOR.PLATES",
    "ITEMGENERATOR.PLANTS",
    "ITEMGENERATOR.PROJECTILES",
    "ITEMGENERATOR.INGOTS_HOT",
    "ITEMGENERATOR.DIRTY_DUSTS",
    "ITEMGENERATOR.MULTIINGOTS",
    "ITEMGENERATOR.MULTIPLATES"
  ],
  "handleMaterial": "anti_beryllium",
  "crushing": {
    "material": "anti_beryllium",
    "amount": 648648000
  },
  "pulver": {
    "material": "anti_beryllium",
    "amount": 648648000
  },
  "smelting": {
    "material": "anti_beryllium",
    "amount": 648648000
  },
  "solidifying": {
    "material": "anti_beryllium",
    "amount": 648648000
  },
  "smashing": {
    "material": "anti_beryllium",
    "amount": 648648000
  },
  "cutting": {
    "material": "anti_beryllium",
    "amount": 648648000
  },
  "working": {
    "material": "anti_beryllium",
    "amount": 648648000
  },
  "forging": {
    "material": "anti_beryllium",
    "amount": 648648000
  },
  "burning": {
    "material": "anti_beryllium",
    "amount": 0
  },
  "bending": {
    "material": "anti_beryllium",
    "amount": 648648000
  },
  "compressing": {
    "material": "anti_beryllium",
    "amount": 648648000
  },
  "textureSet": "METALLIC"
}