{
  "name": "anti_manganese",
  "fullName": "Anti-Manganese",
  "originalMod": "gregapi",
  "oreMultiplier": 1,
  "oreProgressingMultiplier": 1,
  "toolTypes": 0,
  "toolQuality": 0,
  "burnTime": 0,
  "toolDurability": 0,
  "toolSpeed": 1,
  "heatDamage": 0,
  "hidden": true,
  "gramPerCubicCentimeter": 7.44,
  "colorSolid": -328966,
  "colorLiquid": -328966,
  "colorGas": -328966,
  "colorPlasma": -328966,
  "meltingPoint": 1519,
  "boilingPoint": 2334,
  "plasmaPoint": 233400,
  "neutrons": 30,
  "protons": 25,
  "electrons": 25,
  "mass": 55,
  "byProducts": [],
  "alloyComponentReferences": [],
  "tags": [
    "ITEMGENERATOR.DENSEPLATES",
    "ATOMIC.ELEMENT",
    "ATOMIC.ANTIMATTER",
    "ATOMIC.METAL",
    "ITEMGENERATOR.ORES",
    "ITEMGENERATOR.DUSTS",
    "PROCESSING.UUM_SYNTHESISABLE",
    "ATOMIC.TRANSITION_METAL",
    "PROCESSING.FUSION_SYNTHESISABLE",
    "ITEMGENERATOR.FOILS",
    "ITEMGENERATOR.STICKS",
    "ITEMGENERATOR.ARMORS",
    "ITEMGENERATOR.INGOTS",
    "ITEMGENERATOR.PLATES",
    "ITEMGENERATOR.PLANTS",
    "ITEMGENERATOR.PROJECTILES",
    "ITEMGENERATOR.INGOTS_HOT",
    "ITEMGENERATOR.DIRTY_DUSTS",
    "ITEMGENERATOR.MULTIINGOTS",
    "ITEMGENERATOR.MULTIPLATES"
  ],
  "handleMaterial": "anti_manganese",
  "crushing": {
    "material": "anti_manganese",
    "amount": 648648000
  },
  "pulver": {
    "material": "anti_manganese",
    "amount": 648648000
  },
  "smelting": {
    "material": "anti_manganese",
    "amount": 648648000
  },
  "solidifying": {
    "material": "anti_manganese",
    "amount": 648648000
  },
  "smashing": {
    "material": "anti_manganese",
    "amount": 648648000
  },
  "cutting": {
    "material": "anti_manganese",
    "amount": 648648000
  },
  "working": {
    "material": "anti_manganese",
    "amount": 648648000
  },
  "forging": {
    "material": "anti_manganese",
    "amount": 648648000
  },
  "burning": {
    "material": "anti_manganese",
    "amount": 0
  },
  "bending": {
    "material": "anti_manganese",
    "amount": 648648000
  },
  "compressing": {
    "material": "anti_manganese",
    "amount": 648648000
  },
  "textureSet": "DULL"
}