{
  "name": "anti_palladium",
  "fullName": "Anti-Palladium",
  "originalMod": "gregapi",
  "oreMultiplier": 1,
  "oreProgressingMultiplier": 1,
  "toolTypes": 0,
  "toolQuality": 0,
  "burnTime": 0,
  "toolDurability": 0,
  "toolSpeed": 1,
  "heatDamage": 0,
  "hidden": true,
  "gramPerCubicCentimeter": 12.02,
  "colorSolid": -8355712,
  "colorLiquid": -8355712,
  "colorGas": -8355712,
  "colorPlasma": -8355712,
  "meltingPoint": 1828,
  "boilingPoint": 3236,
  "plasmaPoint": 323600,
  "neutrons": 60,
  "protons": 46,
  "electrons": 46,
  "mass": 106,
  "byProducts": [],
  "alloyComponentReferences": [],
  "tags": [
    "ITEMGENERATOR.DENSEPLATES",
    "ATOMIC.ELEMENT",
    "ATOMIC.ANTIMATTER",
    "ATOMIC.METAL",
    "ITEMGENERATOR.ORES",
    "ITEMGENERATOR.DUSTS",
    "PROCESSING.UUM_SYNTHESISABLE",
    "ATOMIC.TRANSITION_METAL",
    "ITEMGENERATOR.FOILS",
    "ITEMGENERATOR.STICKS",
    "ITEMGENERATOR.ARMORS",
    "ITEMGENERATOR.INGOTS",
    "ITEMGENERATOR.PLATES",
    "ITEMGENERATOR.PLANTS",
    "ITEMGENERATOR.PROJECTILES",
    "ITEMGENERATOR.INGOTS_HOT",
    "ITEMGENERATOR.DIRTY_DUSTS",
    "ITEMGENERATOR.MULTIINGOTS",
    "ITEMGENERATOR.MULTIPLATES"
  ],
  "handleMaterial": "anti_palladium",
  "crushing": {
    "material": "anti_palladium",
    "amount": 648648000
  },
  "pulver": {
    "material": "anti_palladium",
    "amount": 648648000
  },
  "smelting": {
    "material": "anti_palladium",
    "amount": 648648000
  },
  "solidifying": {
    "material": "anti_palladium",
    "amount": 648648000
  },
  "smashing": {
    "material": "anti_palladium",
    "amount": 648648000
  },
  "cutting": {
    "material": "anti_palladium",
    "amount": 648648000
  },
  "working": {
    "material": "anti_palladium",
    "amount": 648648000
  },
  "forging": {
    "material": "anti_palladium",
    "amount": 648648000
  },
  "burning": {
    "material": "anti_palladium",
    "amount": 0
  },
  "bending": {
    "material": "anti_palladium",
    "amount": 648648000
  },
  "compressing": {
    "material": "anti_palladium",
    "amount": 648648000
  },
  "textureSet": "SHINY"
}