{
  "name": "anti_aluminium",
  "fullName": "Anti-Aluminium",
  "originalMod": "gregapi",
  "oreMultiplier": 1,
  "oreProgressingMultiplier": 1,
  "toolTypes": 0,
  "toolQuality": 0,
  "burnTime": 0,
  "toolDurability": 0,
  "toolSpeed": 1,
  "heatDamage": 0,
  "hidden": true,
  "gramPerCubicCentimeter": 2.698,
  "colorSolid": -8337168,
  "colorLiquid": -8337168,
  "colorGas": -8337168,
  "colorPlasma": -8337168,
  "meltingPoint": 933,
  "boilingPoint": 2792,
  "plasmaPoint": 279200,
  "neutrons": 13,
  "protons": 13,
  "electrons": 13,
  "mass": 26,
  "byProducts": [],
  "alloyComponentReferences": [],
  "tags": [
    "ITEMGENERATOR.DENSEPLATES",
    "ATOMIC.ELEMENT",
    "ATOMIC.ANTIMATTER",
    "ATOMIC.METAL",
    "ITEMGENERATOR.ORES",
    "ITEMGENERATOR.DUSTS",
    "PROCESSING.UUM_SYNTHESISABLE",
    "ITEMGENERATOR.PARTS",
    "PROCESSING.FUSION_SYNTHESISABLE",
    "ATOMIC.POST_TRANSITION_METAL",
    "ITEMGENERATOR.FOILS",
    "ITEMGENERATOR.STICKS",
    "ITEMGENERATOR.ARMORS",
    "ITEMGENERATOR.INGOTS",
    "ITEMGENERATOR.PLATES",
    "ITEMGENERATOR.PLANTS",
    "ITEMGENERATOR.PROJECTILES",
    "ITEMGENERATOR.INGOTS_HOT",
    "ITEMGENERATOR.DIRTY_DUSTS",
    "ITEMGENERATOR.MULTIINGOTS",
    "ITEMGENERATOR.MULTIPLATES"
  ],
  "handleMaterial": "anti_aluminium",
  "crushing": {
    "material": "anti_aluminium",
    "amount": 648648000
  },
  "pulver": {
    "material": "anti_aluminium",
    "amount": 648648000
  },
  "smelting": {
    "material": "anti_aluminium",
    "amount": 648648000
  },
  "solidifying": {
    "material": "anti_aluminium",
    "amount": 648648000
  },
  "smashing": {
    "material": "anti_aluminium",
    "amount": 648648000
  },
  "cutting": {
    "material": "anti_aluminium",
    "amount": 648648000
  },
  "working": {
    "material": "anti_aluminium",
    "amount": 648648000
  },
  "forging": {
    "material": "anti_aluminium",
    "amount": 648648000
  },
  "burning": {
    "material": "anti_aluminium",
    "amount": 0
  },
  "bending": {
    "material": "anti_aluminium",
    "amount": 648648000
  },
  "compressing": {
    "material": "anti_aluminium",
    "amount": 648648000
  },
  "textureSet": "METALLIC"
}