{
  "name": "anti_einsteinium",
  "fullName": "Anti-Einsteinium",
  "originalMod": "gregapi",
  "oreMultiplier": 1,
  "oreProgressingMultiplier": 1,
  "toolTypes": 0,
  "toolQuality": 0,
  "burnTime": 0,
  "toolDurability": 0,
  "toolSpeed": 1,
  "heatDamage": 0,
  "hidden": true,
  "gramPerCubicCentimeter": 8.84,
  "colorSolid": -1,
  "colorLiquid": -1,
  "colorGas": -1,
  "colorPlasma": -1,
  "meltingPoint": 1133,
  "boilingPoint": 1269,
  "plasmaPoint": 126900,
  "neutrons": 153,
  "protons": 99,
  "electrons": 99,
  "mass": 252,
  "byProducts": [],
  "alloyComponentReferences": [],
  "tags": [
    "ITEMGENERATOR.DENSEPLATES",
    "ATOMIC.ELEMENT",
    "ATOMIC.ANTIMATTER",
    "ATOMIC.METAL",
    "ITEMGENERATOR.ORES",
    "ITEMGENERATOR.DUSTS",
    "ATOMIC.ACTINIDE",
    "ITEMGENERATOR.FOILS",
    "ITEMGENERATOR.STICKS",
    "ITEMGENERATOR.ARMORS",
    "ITEMGENERATOR.INGOTS",
    "ITEMGENERATOR.PLATES",
    "ITEMGENERATOR.PLANTS",
    "ITEMGENERATOR.PROJECTILES",
    "ITEMGENERATOR.INGOTS_HOT",
    "ITEMGENERATOR.DIRTY_DUSTS",
    "ITEMGENERATOR.MULTIINGOTS",
    "ITEMGENERATOR.MULTIPLATES"
  ],
  "handleMaterial": "anti_einsteinium",
  "crushing": {
    "material": "anti_einsteinium",
    "amount": 648648000
  },
  "pulver": {
    "material": "anti_einsteinium",
    "amount": 648648000
  },
  "smelting": {
    "material": "anti_einsteinium",
    "amount": 648648000
  },
  "solidifying": {
    "material": "anti_einsteinium",
    "amount": 648648000
  },
  "smashing": {
    "material": "anti_einsteinium",
    "amount": 648648000
  },
  "cutting": {
    "material": "anti_einsteinium",
    "amount": 648648000
  },
  "working": {
    "material": "anti_einsteinium",
    "amount": 648648000
  },
  "forging": {
    "material": "anti_einsteinium",
    "amount": 648648000
  },
  "burning": {
    "material": "anti_einsteinium",
    "amount": 0
  },
  "bending": {
    "material": "anti_einsteinium",
    "amount": 648648000
  },
  "compressing": {
    "material": "anti_einsteinium",
    "amount": 648648000
  },
  "textureSet": "METALLIC"
}