{
  "name": "anti_photon",
  "fullName": "Anti-Photon",
  "originalMod": "gregapi",
  "oreMultiplier": 1,
  "oreProgressingMultiplier": 1,
  "toolTypes": 0,
  "toolQuality": 0,
  "burnTime": 0,
  "toolDurability": 0,
  "toolSpeed": 1,
  "heatDamage": 0,
  "hidden": true,
  "gramPerCubicCentimeter": 0,
  "colorSolid": 0,
  "colorLiquid": 0,
  "colorGas": 0,
  "colorPlasma": 0,
  "meltingPoint": 0,
  "boilingPoint": 0,
  "plasmaPoint": 0,
  "neutrons": 0,
  "protons": 0,
  "electrons": 0,
  "mass": 0,
  "byProducts": [],
  "alloyComponentReferences": [],
  "tags": [
    "ATOMIC.PARTICLE",
    "ATOMIC.ANTIMATTER"
  ],
  "handleMaterial": "anti_photon",
  "crushing": {
    "material": "anti_photon",
    "amount": 648648000
  },
  "pulver": {
    "material": "anti_photon",
    "amount": 648648000
  },
  "smelting": {
    "material": "anti_photon",
    "amount": 648648000
  },
  "solidifying": {
    "material": "anti_photon",
    "amount": 648648000
  },
  "smashing": {
    "material": "anti_photon",
    "amount": 648648000
  },
  "cutting": {
    "material": "anti_photon",
    "amount": 648648000
  },
  "working": {
    "material": "anti_photon",
    "amount": 648648000
  },
  "forging": {
    "material": "anti_photon",
    "amount": 648648000
  },
  "burning": {
    "material": "anti_photon",
    "amount": 0
  },
  "bending": {
    "material": "anti_photon",
    "amount": 648648000
  },
  "compressing": {
    "material": "anti_photon",
    "amount": 648648000
  },
  "textureSet": "NONE"
}