{
  "name": "anti_osmium",
  "fullName": "Anti-Osmium",
  "originalMod": "gregapi",
  "oreMultiplier": 1,
  "oreProgressingMultiplier": 1,
  "toolTypes": 0,
  "toolQuality": 0,
  "burnTime": 0,
  "toolDurability": 0,
  "toolSpeed": 1,
  "heatDamage": 0,
  "hidden": true,
  "gramPerCubicCentimeter": 22.61,
  "colorSolid": -13487361,
  "colorLiquid": -13487361,
  "colorGas": -13487361,
  "colorPlasma": -13487361,
  "meltingPoint": 3306,
  "boilingPoint": 5285,
  "plasmaPoint": 528500,
  "neutrons": 114,
  "protons": 76,
  "electrons": 76,
  "mass": 190,
  "byProducts": [],
  "alloyComponentReferences": [],
  "tags": [
    "ITEMGENERATOR.DENSEPLATES",
    "ATOMIC.ELEMENT",
    "ATOMIC.ANTIMATTER",
    "ATOMIC.METAL",
    "ITEMGENERATOR.ORES",
    "ITEMGENERATOR.DUSTS",
    "PROCESSING.UUM_SYNTHESISABLE",
    "ATOMIC.TRANSITION_METAL",
    "ITEMGENERATOR.FOILS",
    "ITEMGENERATOR.STICKS",
    "ITEMGENERATOR.ARMORS",
    "ITEMGENERATOR.INGOTS",
    "ITEMGENERATOR.PLATES",
    "ITEMGENERATOR.PLANTS",
    "ITEMGENERATOR.PROJECTILES",
    "ITEMGENERATOR.INGOTS_HOT",
    "ITEMGENERATOR.DIRTY_DUSTS",
    "ITEMGENERATOR.MULTIINGOTS",
    "ITEMGENERATOR.MULTIPLATES"
  ],
  "handleMaterial": "anti_osmium",
  "crushing": {
    "material": "anti_osmium",
    "amount": 648648000
  },
  "pulver": {
    "material": "anti_osmium",
    "amount": 648648000
  },
  "smelting": {
    "material": "anti_osmium",
    "amount": 648648000
  },
  "solidifying": {
    "material": "anti_osmium",
    "amount": 648648000
  },
  "smashing": {
    "material": "anti_osmium",
    "amount": 648648000
  },
  "cutting": {
    "material": "anti_osmium",
    "amount": 648648000
  },
  "working": {
    "material": "anti_osmium",
    "amount": 648648000
  },
  "forging": {
    "material": "anti_osmium",
    "amount": 648648000
  },
  "burning": {
    "material": "anti_osmium",
    "amount": 0
  },
  "bending": {
    "material": "anti_osmium",
    "amount": 648648000
  },
  "compressing": {
    "material": "anti_osmium",
    "amount": 648648000
  },
  "textureSet": "METALLIC"
}