{
  "name": "anti_boron",
  "fullName": "Anti-Boron",
  "originalMod": "gregapi",
  "oreMultiplier": 1,
  "oreProgressingMultiplier": 1,
  "toolTypes": 0,
  "toolQuality": 0,
  "burnTime": 0,
  "toolDurability": 0,
  "toolSpeed": 1,
  "heatDamage": 0,
  "hidden": true,
  "gramPerCubicCentimeter": 2.34,
  "colorSolid": -328966,
  "colorLiquid": -328966,
  "colorGas": -328966,
  "colorPlasma": -328966,
  "meltingPoint": 2349,
  "boilingPoint": 4200,
  "plasmaPoint": 420000,
  "neutrons": 5,
  "protons": 5,
  "electrons": 5,
  "mass": 10,
  "byProducts": [],
  "alloyComponentReferences": [],
  "tags": [
    "ITEMGENERATOR.DENSEPLATES",
    "ATOMIC.ELEMENT",
    "ATOMIC.ANTIMATTER",
    "ITEMGENERATOR.ORES",
    "ITEMGENERATOR.DUSTS",
    "PROCESSING.UUM_SYNTHESISABLE",
    "PROCESSING.FUSION_SYNTHESISABLE",
    "ATOMIC.METALLOID",
    "ITEMGENERATOR.FOILS",
    "ITEMGENERATOR.STICKS",
    "ITEMGENERATOR.ARMORS",
    "ITEMGENERATOR.INGOTS",
    "ITEMGENERATOR.PLATES",
    "ITEMGENERATOR.PLANTS",
    "ITEMGENERATOR.PROJECTILES",
    "ITEMGENERATOR.INGOTS_HOT",
    "ITEMGENERATOR.DIRTY_DUSTS",
    "ITEMGENERATOR.MULTIINGOTS",
    "ITEMGENERATOR.MULTIPLATES"
  ],
  "handleMaterial": "anti_boron",
  "crushing": {
    "material": "anti_boron",
    "amount": 648648000
  },
  "pulver": {
    "material": "anti_boron",
    "amount": 648648000
  },
  "smelting": {
    "material": "anti_boron",
    "amount": 648648000
  },
  "solidifying": {
    "material": "anti_boron",
    "amount": 648648000
  },
  "smashing": {
    "material": "anti_boron",
    "amount": 648648000
  },
  "cutting": {
    "material": "anti_boron",
    "amount": 648648000
  },
  "working": {
    "material": "anti_boron",
    "amount": 648648000
  },
  "forging": {
    "material": "anti_boron",
    "amount": 648648000
  },
  "burning": {
    "material": "anti_boron",
    "amount": 0
  },
  "bending": {
    "material": "anti_boron",
    "amount": 648648000
  },
  "compressing": {
    "material": "anti_boron",
    "amount": 648648000
  },
  "textureSet": "DULL"
}