{
  "name": "anti_selenium",
  "fullName": "Anti-Selenium",
  "originalMod": "gregapi",
  "oreMultiplier": 1,
  "oreProgressingMultiplier": 1,
  "toolTypes": 0,
  "toolQuality": 0,
  "burnTime": 0,
  "toolDurability": 0,
  "toolSpeed": 1,
  "heatDamage": 0,
  "hidden": true,
  "gramPerCubicCentimeter": 4.809,
  "colorSolid": -1,
  "colorLiquid": -1,
  "colorGas": -1,
  "colorPlasma": -1,
  "meltingPoint": 453,
  "boilingPoint": 958,
  "plasmaPoint": 95800,
  "neutrons": 45,
  "protons": 34,
  "electrons": 34,
  "mass": 79,
  "byProducts": [],
  "alloyComponentReferences": [],
  "tags": [
    "ATOMIC.NONMETAL",
    "ATOMIC.POLYATOMIC_NONMETAL",
    "ATOMIC.ELEMENT",
    "ATOMIC.ANTIMATTER",
    "ITEMGENERATOR.PLANTS",
    "ITEMGENERATOR.GEMS",
    "ITEMGENERATOR.ORES",
    "ITEMGENERATOR.DUSTS",
    "ITEMGENERATOR.DIRTY_DUSTS",
    "PROCESSING.UUM_SYNTHESISABLE"
  ],
  "handleMaterial": "anti_selenium",
  "crushing": {
    "material": "anti_selenium",
    "amount": 648648000
  },
  "pulver": {
    "material": "anti_selenium",
    "amount": 648648000
  },
  "smelting": {
    "material": "anti_selenium",
    "amount": 648648000
  },
  "solidifying": {
    "material": "anti_selenium",
    "amount": 648648000
  },
  "smashing": {
    "material": "anti_selenium",
    "amount": 648648000
  },
  "cutting": {
    "material": "anti_selenium",
    "amount": 648648000
  },
  "working": {
    "material": "anti_selenium",
    "amount": 648648000
  },
  "forging": {
    "material": "anti_selenium",
    "amount": 648648000
  },
  "burning": {
    "material": "anti_selenium",
    "amount": 0
  },
  "bending": {
    "material": "anti_selenium",
    "amount": 648648000
  },
  "compressing": {
    "material": "anti_selenium",
    "amount": 648648000
  },
  "textureSet": "DULL"
}