{
  "name": "anti_helium3",
  "fullName": "Anti-Helium-3",
  "originalMod": "gregapi",
  "oreMultiplier": 1,
  "oreProgressingMultiplier": 1,
  "toolTypes": 0,
  "toolQuality": 0,
  "burnTime": 0,
  "toolDurability": 0,
  "toolSpeed": 1,
  "heatDamage": 0,
  "hidden": true,
  "gramPerCubicCentimeter": 0.0001785,
  "colorSolid": 268435340,
  "colorLiquid": 268435340,
  "colorGas": 268435340,
  "colorPlasma": 268435340,
  "meltingPoint": 1,
  "boilingPoint": 4,
  "plasmaPoint": 400,
  "neutrons": 1,
  "protons": 2,
  "electrons": 2,
  "mass": 3,
  "byProducts": [],
  "alloyComponentReferences": [],
  "tags": [
    "ATOMIC.NONMETAL",
    "ITEMGENERATOR.CONTAINERS_GAS",
    "ATOMIC.NOBLE_GAS",
    "ATOMIC.ELEMENT",
    "ATOMIC.ANTIMATTER",
    "PROCESSING.FUSION_SYNTHESISABLE"
  ],
  "handleMaterial": "anti_helium3",
  "crushing": {
    "material": "anti_helium3",
    "amount": 648648000
  },
  "pulver": {
    "material": "anti_helium3",
    "amount": 648648000
  },
  "smelting": {
    "material": "anti_helium3",
    "amount": 648648000
  },
  "solidifying": {
    "material": "anti_helium3",
    "amount": 648648000
  },
  "smashing": {
    "material": "anti_helium3",
    "amount": 648648000
  },
  "cutting": {
    "material": "anti_helium3",
    "amount": 648648000
  },
  "working": {
    "material": "anti_helium3",
    "amount": 648648000
  },
  "forging": {
    "material": "anti_helium3",
    "amount": 648648000
  },
  "burning": {
    "material": "anti_helium3",
    "amount": 0
  },
  "bending": {
    "material": "anti_helium3",
    "amount": 648648000
  },
  "compressing": {
    "material": "anti_helium3",
    "amount": 648648000
  },
  "textureSet": "SHINY"
}