{
  "name": "anti_yttrium",
  "fullName": "Anti-Yttrium",
  "originalMod": "gregapi",
  "oreMultiplier": 1,
  "oreProgressingMultiplier": 1,
  "toolTypes": 0,
  "toolQuality": 0,
  "burnTime": 0,
  "toolDurability": 0,
  "toolSpeed": 1,
  "heatDamage": 0,
  "hidden": true,
  "gramPerCubicCentimeter": 4.469,
  "colorSolid": -2295076,
  "colorLiquid": -2295076,
  "colorGas": -2295076,
  "colorPlasma": -2295076,
  "meltingPoint": 1799,
  "boilingPoint": 3609,
  "plasmaPoint": 360900,
  "neutrons": 50,
  "protons": 39,
  "electrons": 39,
  "mass": 89,
  "byProducts": [],
  "alloyComponentReferences": [],
  "tags": [
    "ITEMGENERATOR.DENSEPLATES",
    "ATOMIC.ELEMENT",
    "ATOMIC.ANTIMATTER",
    "ATOMIC.METAL",
    "ITEMGENERATOR.ORES",
    "ITEMGENERATOR.DUSTS",
    "PROCESSING.UUM_SYNTHESISABLE",
    "ATOMIC.TRANSITION_METAL",
    "ITEMGENERATOR.FOILS",
    "ITEMGENERATOR.STICKS",
    "ITEMGENERATOR.ARMORS",
    "ITEMGENERATOR.INGOTS",
    "ITEMGENERATOR.PLATES",
    "ITEMGENERATOR.PLANTS",
    "ITEMGENERATOR.PROJECTILES",
    "ITEMGENERATOR.INGOTS_HOT",
    "ITEMGENERATOR.DIRTY_DUSTS",
    "ITEMGENERATOR.MULTIINGOTS",
    "ITEMGENERATOR.MULTIPLATES"
  ],
  "handleMaterial": "anti_yttrium",
  "crushing": {
    "material": "anti_yttrium",
    "amount": 648648000
  },
  "pulver": {
    "material": "anti_yttrium",
    "amount": 648648000
  },
  "smelting": {
    "material": "anti_yttrium",
    "amount": 648648000
  },
  "solidifying": {
    "material": "anti_yttrium",
    "amount": 648648000
  },
  "smashing": {
    "material": "anti_yttrium",
    "amount": 648648000
  },
  "cutting": {
    "material": "anti_yttrium",
    "amount": 648648000
  },
  "working": {
    "material": "anti_yttrium",
    "amount": 648648000
  },
  "forging": {
    "material": "anti_yttrium",
    "amount": 648648000
  },
  "burning": {
    "material": "anti_yttrium",
    "amount": 0
  },
  "bending": {
    "material": "anti_yttrium",
    "amount": 648648000
  },
  "compressing": {
    "material": "anti_yttrium",
    "amount": 648648000
  },
  "textureSet": "METALLIC"
}