{
  "name": "anti_bismuth",
  "fullName": "Anti-Bismuth",
  "originalMod": "gregapi",
  "oreMultiplier": 1,
  "oreProgressingMultiplier": 1,
  "toolTypes": 0,
  "toolQuality": 0,
  "burnTime": 0,
  "toolDurability": 0,
  "toolSpeed": 1,
  "heatDamage": 0,
  "hidden": true,
  "gramPerCubicCentimeter": 9.807,
  "colorSolid": -10182496,
  "colorLiquid": -10182496,
  "colorGas": -10182496,
  "colorPlasma": -10182496,
  "meltingPoint": 544,
  "boilingPoint": 1837,
  "plasmaPoint": 183700,
  "neutrons": 125,
  "protons": 83,
  "electrons": 83,
  "mass": 208,
  "byProducts": [],
  "alloyComponentReferences": [],
  "tags": [
    "ITEMGENERATOR.DENSEPLATES",
    "ATOMIC.ELEMENT",
    "ATOMIC.ANTIMATTER",
    "ATOMIC.METAL",
    "ITEMGENERATOR.ORES",
    "ITEMGENERATOR.DUSTS",
    "ATOMIC.POST_TRANSITION_METAL",
    "ITEMGENERATOR.FOILS",
    "ITEMGENERATOR.STICKS",
    "ITEMGENERATOR.ARMORS",
    "ITEMGENERATOR.INGOTS",
    "ITEMGENERATOR.PLATES",
    "ITEMGENERATOR.PLANTS",
    "ITEMGENERATOR.PROJECTILES",
    "ITEMGENERATOR.INGOTS_HOT",
    "ITEMGENERATOR.DIRTY_DUSTS",
    "ITEMGENERATOR.MULTIINGOTS",
    "ITEMGENERATOR.MULTIPLATES"
  ],
  "handleMaterial": "anti_bismuth",
  "crushing": {
    "material": "anti_bismuth",
    "amount": 648648000
  },
  "pulver": {
    "material": "anti_bismuth",
    "amount": 648648000
  },
  "smelting": {
    "material": "anti_bismuth",
    "amount": 648648000
  },
  "solidifying": {
    "material": "anti_bismuth",
    "amount": 648648000
  },
  "smashing": {
    "material": "anti_bismuth",
    "amount": 648648000
  },
  "cutting": {
    "material": "anti_bismuth",
    "amount": 648648000
  },
  "working": {
    "material": "anti_bismuth",
    "amount": 648648000
  },
  "forging": {
    "material": "anti_bismuth",
    "amount": 648648000
  },
  "burning": {
    "material": "anti_bismuth",
    "amount": 0
  },
  "bending": {
    "material": "anti_bismuth",
    "amount": 648648000
  },
  "compressing": {
    "material": "anti_bismuth",
    "amount": 648648000
  },
  "textureSet": "METALLIC"
}