{
  "name": "anti_calcium",
  "fullName": "Anti-Calcium",
  "originalMod": "gregapi",
  "oreMultiplier": 1,
  "oreProgressingMultiplier": 1,
  "toolTypes": 0,
  "toolQuality": 0,
  "burnTime": 0,
  "toolDurability": 0,
  "toolSpeed": 1,
  "heatDamage": 0,
  "hidden": true,
  "gramPerCubicCentimeter": 1.54,
  "colorSolid": -2571,
  "colorLiquid": -2571,
  "colorGas": -2571,
  "colorPlasma": -2571,
  "meltingPoint": 1115,
  "boilingPoint": 1757,
  "plasmaPoint": 175700,
  "neutrons": 20,
  "protons": 20,
  "electrons": 20,
  "mass": 40,
  "byProducts": [],
  "alloyComponentReferences": [],
  "tags": [
    "ATOMIC.ELEMENT",
    "ATOMIC.ANTIMATTER",
    "ITEMGENERATOR.PLANTS",
    "ATOMIC.METAL",
    "ITEMGENERATOR.GEMS",
    "ITEMGENERATOR.ORES",
    "ATOMIC.ALKALINE_EARTH_METAL",
    "ITEMGENERATOR.DUSTS",
    "ITEMGENERATOR.DIRTY_DUSTS",
    "PROCESSING.UUM_SYNTHESISABLE",
    "PROCESSING.FUSION_SYNTHESISABLE"
  ],
  "handleMaterial": "anti_calcium",
  "crushing": {
    "material": "anti_calcium",
    "amount": 648648000
  },
  "pulver": {
    "material": "anti_calcium",
    "amount": 648648000
  },
  "smelting": {
    "material": "anti_calcium",
    "amount": 648648000
  },
  "solidifying": {
    "material": "anti_calcium",
    "amount": 648648000
  },
  "smashing": {
    "material": "anti_calcium",
    "amount": 648648000
  },
  "cutting": {
    "material": "anti_calcium",
    "amount": 648648000
  },
  "working": {
    "material": "anti_calcium",
    "amount": 648648000
  },
  "forging": {
    "material": "anti_calcium",
    "amount": 648648000
  },
  "burning": {
    "material": "anti_calcium",
    "amount": 0
  },
  "bending": {
    "material": "anti_calcium",
    "amount": 648648000
  },
  "compressing": {
    "material": "anti_calcium",
    "amount": 648648000
  },
  "textureSet": "METALLIC"
}