{
  "name": "anti_antimony",
  "fullName": "Anti-Antimony",
  "originalMod": "gregapi",
  "oreMultiplier": 1,
  "oreProgressingMultiplier": 1,
  "toolTypes": 0,
  "toolQuality": 0,
  "burnTime": 0,
  "toolDurability": 0,
  "toolSpeed": 1,
  "heatDamage": 0,
  "hidden": true,
  "gramPerCubicCentimeter": 6.685,
  "colorSolid": -2302736,
  "colorLiquid": -2302736,
  "colorGas": -2302736,
  "colorPlasma": -2302736,
  "meltingPoint": 903,
  "boilingPoint": 1860,
  "plasmaPoint": 186000,
  "neutrons": 70,
  "protons": 51,
  "electrons": 51,
  "mass": 121,
  "byProducts": [],
  "alloyComponentReferences": [],
  "tags": [
    "ITEMGENERATOR.DENSEPLATES",
    "ATOMIC.ELEMENT",
    "ATOMIC.ANTIMATTER",
    "ITEMGENERATOR.ORES",
    "ITEMGENERATOR.DUSTS",
    "PROCESSING.UUM_SYNTHESISABLE",
    "ATOMIC.METALLOID",
    "ITEMGENERATOR.FOILS",
    "ITEMGENERATOR.STICKS",
    "ITEMGENERATOR.ARMORS",
    "ITEMGENERATOR.INGOTS",
    "ITEMGENERATOR.PLATES",
    "ITEMGENERATOR.PLANTS",
    "ITEMGENERATOR.PROJECTILES",
    "ITEMGENERATOR.INGOTS_HOT",
    "ITEMGENERATOR.DIRTY_DUSTS",
    "ITEMGENERATOR.MULTIINGOTS",
    "ITEMGENERATOR.MULTIPLATES"
  ],
  "handleMaterial": "anti_antimony",
  "crushing": {
    "material": "anti_antimony",
    "amount": 648648000
  },
  "pulver": {
    "material": "anti_antimony",
    "amount": 648648000
  },
  "smelting": {
    "material": "anti_antimony",
    "amount": 648648000
  },
  "solidifying": {
    "material": "anti_antimony",
    "amount": 648648000
  },
  "smashing": {
    "material": "anti_antimony",
    "amount": 648648000
  },
  "cutting": {
    "material": "anti_antimony",
    "amount": 648648000
  },
  "working": {
    "material": "anti_antimony",
    "amount": 648648000
  },
  "forging": {
    "material": "anti_antimony",
    "amount": 648648000
  },
  "burning": {
    "material": "anti_antimony",
    "amount": 0
  },
  "bending": {
    "material": "anti_antimony",
    "amount": 648648000
  },
  "compressing": {
    "material": "anti_antimony",
    "amount": 648648000
  },
  "textureSet": "SHINY"
}