{
  "name": "any_carbon",
  "fullName": "Carbon",
  "oreMultiplier": 1,
  "oreProgressingMultiplier": 1,
  "toolTypes": 0,
  "toolQuality": 0,
  "burnTime": 0,
  "toolDurability": 0,
  "toolSpeed": 1,
  "heatDamage": 0,
  "hidden": false,
  "gramPerCubicCentimeter": 2.267,
  "colorSolid": -15461356,
  "colorLiquid": -15461356,
  "colorGas": -15461356,
  "colorPlasma": -15461356,
  "meltingPoint": 3800,
  "boilingPoint": 4300,
  "plasmaPoint": 430000,
  "neutrons": 6,
  "protons": 6,
  "electrons": 6,
  "mass": 12,
  "byProducts": [],
  "alloyComponentReferences": [],
  "tags": [
    "PROPERTIES.INVALID_MATERIAL",
    "PROPERTIES.UNUSED_MATERIAL",
    "PROPERTIES.IGNORE_IN_COLOR_LOG",
    "PROCESSING.MELTING",
    "PROPERTIES.NO_ADVANCED_TOOLS"
  ],
  "handleMaterial": "any_carbon",
  "crushing": {
    "material": "any_carbon",
    "amount": 648648000
  },
  "pulver": {
    "material": "carbon",
    "amount": 648648000
  },
  "smelting": {
    "material": "carbon",
    "amount": 648648000
  },
  "solidifying": {
    "material": "carbon",
    "amount": 648648000
  },
  "smashing": {
    "material": "carbon",
    "amount": 648648000
  },
  "cutting": {
    "material": "carbon",
    "amount": 648648000
  },
  "working": {
    "material": "carbon",
    "amount": 648648000
  },
  "forging": {
    "material": "carbon",
    "amount": 648648000
  },
  "burning": {
    "material": "carbon",
    "amount": 0
  },
  "bending": {
    "material": "carbon",
    "amount": 648648000
  },
  "compressing": {
    "material": "carbon",
    "amount": 648648000
  },
  "textureSet": "FINE"
}