{
  "name": "any_glowstone",
  "fullName": "Glowstone",
  "oreMultiplier": 1,
  "oreProgressingMultiplier": 1,
  "toolTypes": 0,
  "toolQuality": 0,
  "burnTime": 0,
  "toolDurability": 0,
  "toolSpeed": 1,
  "heatDamage": 0,
  "hidden": false,
  "gramPerCubicCentimeter": 6.3510956499999995,
  "colorSolid": -256,
  "colorLiquid": -256,
  "colorGas": -256,
  "colorPlasma": -256,
  "meltingPoint": 978,
  "boilingPoint": 1887,
  "plasmaPoint": 188721,
  "neutrons": 43,
  "protons": 32,
  "electrons": 32,
  "mass": 76,
  "byProducts": [],
  "alloyComponentReferences": [],
  "tags": [
    "PROPERTIES.INVALID_MATERIAL",
    "PROPERTIES.UNUSED_MATERIAL",
    "PROPERTIES.GLOWING",
    "PROPERTIES.IGNORE_IN_COLOR_LOG",
    "PROCESSING.MELTING",
    "PROPERTIES.LIGHTING",
    "PROPERTIES.CRYSTAL",
    "PROPERTIES.NO_ADVANCED_TOOLS"
  ],
  "handleMaterial": "any_glowstone",
  "crushing": {
    "material": "any_glowstone",
    "amount": 648648000
  },
  "pulver": {
    "material": "glowstone",
    "amount": 648648000
  },
  "smelting": {
    "material": "glowstone",
    "amount": 648648000
  },
  "solidifying": {
    "material": "glowstone",
    "amount": 648648000
  },
  "smashing": {
    "material": "glowstone",
    "amount": 648648000
  },
  "cutting": {
    "material": "glowstone",
    "amount": 648648000
  },
  "working": {
    "material": "glowstone",
    "amount": 648648000
  },
  "forging": {
    "material": "glowstone",
    "amount": 648648000
  },
  "burning": {
    "material": "glowstone",
    "amount": 0
  },
  "bending": {
    "material": "glowstone",
    "amount": 648648000
  },
  "compressing": {
    "material": "glowstone",
    "amount": 648648000
  },
  "textureSet": "REDSTONE"
}