{
  "name": "any_diamond",
  "fullName": "Diamond",
  "oreMultiplier": 1,
  "oreProgressingMultiplier": 1,
  "toolTypes": 3,
  "toolQuality": 3,
  "burnTime": 0,
  "toolDurability": 1280,
  "toolSpeed": 8,
  "heatDamage": 0,
  "hidden": false,
  "gramPerCubicCentimeter": 9.068,
  "colorSolid": 2143879167,
  "colorLiquid": 2143879167,
  "colorGas": 2143879167,
  "colorPlasma": 2143879167,
  "meltingPoint": 3800,
  "boilingPoint": 4300,
  "plasmaPoint": 430000,
  "neutrons": 24,
  "protons": 24,
  "electrons": 24,
  "mass": 48,
  "byProducts": [],
  "alloyComponentReferences": [],
  "tags": [
    "PROPERTIES.INVALID_MATERIAL",
    "PROPERTIES.UNUSED_MATERIAL",
    "PROPERTIES.IGNORE_IN_COLOR_LOG",
    "PROCESSING.MELTING",
    "ITEMGENERATOR.STICKS",
    "ITEMGENERATOR.PLATES",
    "PROPERTIES.CRYSTAL",
    "PROPERTIES.VALUABLE",
    "PROPERTIES.HAS_TOOL_STATS",
    "ITEMGENERATOR.PARTS"
  ],
  "handleMaterial": "any_diamond",
  "crushing": {
    "material": "any_diamond",
    "amount": 648648000
  },
  "pulver": {
    "material": "diamond",
    "amount": 648648000
  },
  "smelting": {
    "material": "carbon",
    "amount": 1297296000
  },
  "solidifying": {
    "material": "diamond",
    "amount": 648648000
  },
  "smashing": {
    "material": "diamond",
    "amount": 648648000
  },
  "cutting": {
    "material": "diamond",
    "amount": 648648000
  },
  "working": {
    "material": "diamond",
    "amount": 648648000
  },
  "forging": {
    "material": "diamond",
    "amount": 648648000
  },
  "burning": {
    "material": "ashes",
    "amount": 648648000
  },
  "bending": {
    "material": "diamond",
    "amount": 648648000
  },
  "compressing": {
    "material": "diamond",
    "amount": 648648000
  },
  "textureSet": "DIAMOND"
}