{
  "name": "any_iron_or_steel",
  "fullName": "Iron",
  "oreMultiplier": 1,
  "oreProgressingMultiplier": 1,
  "toolTypes": 3,
  "toolQuality": 2,
  "burnTime": 0,
  "toolDurability": 256,
  "toolSpeed": 6,
  "heatDamage": 0,
  "hidden": false,
  "gramPerCubicCentimeter": 7.874,
  "colorSolid": -3618616,
  "colorLiquid": -49120,
  "colorGas": -3618616,
  "colorPlasma": -3618616,
  "meltingPoint": 1811,
  "boilingPoint": 3134,
  "plasmaPoint": 313400,
  "neutrons": 30,
  "protons": 26,
  "electrons": 26,
  "mass": 56,
  "byProducts": [],
  "alloyComponentReferences": [],
  "tags": [
    "PROPERTIES.INVALID_MATERIAL",
    "PROCESSING.SMITHABLE",
    "PROPERTIES.UNUSED_MATERIAL",
    "PROPERTIES.IGNORE_IN_COLOR_LOG",
    "PROCESSING.MELTING",
    "ITEMGENERATOR.STICKS",
    "ITEMGENERATOR.PLATES",
    "PROPERTIES.HAS_TOOL_STATS",
    "ITEMGENERATOR.PARTS"
  ],
  "handleMaterial": "any_iron_or_steel",
  "crushing": {
    "material": "any_iron_or_steel",
    "amount": 648648000
  },
  "pulver": {
    "material": "iron",
    "amount": 648648000
  },
  "smelting": {
    "material": "iron",
    "amount": 648648000
  },
  "solidifying": {
    "material": "iron",
    "amount": 648648000
  },
  "smashing": {
    "material": "iron",
    "amount": 648648000
  },
  "cutting": {
    "material": "iron",
    "amount": 648648000
  },
  "working": {
    "material": "iron",
    "amount": 648648000
  },
  "forging": {
    "material": "iron",
    "amount": 648648000
  },
  "burning": {
    "material": "iron",
    "amount": 0
  },
  "bending": {
    "material": "iron",
    "amount": 648648000
  },
  "compressing": {
    "material": "iron",
    "amount": 648648000
  },
  "textureSet": "METALLIC"
}