{
  "name": "any_default_wood",
  "fullName": "Normal Wood",
  "oreMultiplier": 1,
  "oreProgressingMultiplier": 1,
  "toolTypes": 1,
  "toolQuality": 0,
  "burnTime": 100,
  "toolDurability": 16,
  "toolSpeed": 2,
  "heatDamage": 0,
  "hidden": false,
  "gramPerCubicCentimeter": 1.362,
  "colorSolid": -10210816,
  "colorLiquid": -10210816,
  "colorGas": -10210816,
  "colorPlasma": -10210816,
  "meltingPoint": 400,
  "boilingPoint": 500,
  "plasmaPoint": 50000,
  "neutrons": 3,
  "protons": 3,
  "electrons": 3,
  "mass": 7,
  "byProducts": [],
  "alloyComponentReferences": [],
  "tags": [
    "PROPERTIES.INVALID_MATERIAL",
    "PROPERTIES.UNUSED_MATERIAL",
    "PROPERTIES.WOOD",
    "PROPERTIES.IGNORE_IN_COLOR_LOG",
    "PROCESSING.MELTING",
    "ITEMGENERATOR.STICKS",
    "ITEMGENERATOR.PLATES",
    "PROPERTIES.NO_ADVANCED_TOOLS",
    "PROPERTIES.HAS_TOOL_STATS",
    "PROPERTIES.FLAMMABLE",
    "ITEMGENERATOR.PARTS"
  ],
  "handleMaterial": "any_default_wood",
  "crushing": {
    "material": "any_default_wood",
    "amount": 648648000
  },
  "pulver": {
    "material": "wood",
    "amount": 648648000
  },
  "smelting": {
    "material": "ashes",
    "amount": 162162000
  },
  "solidifying": {
    "material": "wood",
    "amount": 648648000
  },
  "smashing": {
    "material": "wood",
    "amount": 648648000
  },
  "cutting": {
    "material": "wood",
    "amount": 648648000
  },
  "working": {
    "material": "wood",
    "amount": 648648000
  },
  "forging": {
    "material": "wood",
    "amount": 648648000
  },
  "burning": {
    "material": "ashes",
    "amount": 72072000
  },
  "bending": {
    "material": "wood",
    "amount": 648648000
  },
  "compressing": {
    "material": "wood",
    "amount": 648648000
  },
  "textureSet": "WOOD"
}