{
  "name": "any_copper",
  "fullName": "Copper",
  "oreMultiplier": 1,
  "oreProgressingMultiplier": 1,
  "toolTypes": 2,
  "toolQuality": 0,
  "burnTime": 0,
  "toolDurability": 64,
  "toolSpeed": 4,
  "heatDamage": 0,
  "hidden": false,
  "gramPerCubicCentimeter": 8.96,
  "colorSolid": -39936,
  "colorLiquid": -39936,
  "colorGas": -39936,
  "colorPlasma": -39936,
  "meltingPoint": 1357,
  "boilingPoint": 2835,
  "plasmaPoint": 283500,
  "neutrons": 34,
  "protons": 29,
  "electrons": 29,
  "mass": 63,
  "byProducts": [],
  "alloyComponentReferences": [],
  "tags": [
    "PROPERTIES.INVALID_MATERIAL",
    "PROCESSING.SMITHABLE",
    "PROPERTIES.UNUSED_MATERIAL",
    "PROPERTIES.IGNORE_IN_COLOR_LOG",
    "PROCESSING.MELTING",
    "ITEMGENERATOR.STICKS",
    "ITEMGENERATOR.PLATES",
    "PROPERTIES.NO_ADVANCED_TOOLS",
    "PROPERTIES.HAS_TOOL_STATS",
    "ITEMGENERATOR.PARTS"
  ],
  "handleMaterial": "any_copper",
  "crushing": {
    "material": "any_copper",
    "amount": 648648000
  },
  "pulver": {
    "material": "copper",
    "amount": 648648000
  },
  "smelting": {
    "material": "copper",
    "amount": 648648000
  },
  "solidifying": {
    "material": "copper",
    "amount": 648648000
  },
  "smashing": {
    "material": "copper",
    "amount": 648648000
  },
  "cutting": {
    "material": "copper",
    "amount": 648648000
  },
  "working": {
    "material": "copper",
    "amount": 648648000
  },
  "forging": {
    "material": "copper",
    "amount": 648648000
  },
  "burning": {
    "material": "copper",
    "amount": 0
  },
  "bending": {
    "material": "copper",
    "amount": 648648000
  },
  "compressing": {
    "material": "copper",
    "amount": 648648000
  },
  "textureSet": "SHINY"
}