{
  "name": "any_garnet",
  "fullName": "Garnet",
  "oreMultiplier": 1,
  "oreProgressingMultiplier": 1,
  "toolTypes": 3,
  "toolQuality": 2,
  "burnTime": 0,
  "toolDurability": 128,
  "toolSpeed": 7,
  "heatDamage": 0,
  "hidden": false,
  "gramPerCubicCentimeter": 1.7360974,
  "colorSolid": 2147443812,
  "colorLiquid": 2147443812,
  "colorGas": 2147443812,
  "colorPlasma": 2147443812,
  "meltingPoint": 1715,
  "boilingPoint": 2625,
  "plasmaPoint": 262510,
  "neutrons": 12,
  "protons": 11,
  "electrons": 11,
  "mass": 24,
  "byProducts": [],
  "alloyComponentReferences": [],
  "tags": [
    "PROPERTIES.INVALID_MATERIAL",
    "PROPERTIES.UNUSED_MATERIAL",
    "PROPERTIES.IGNORE_IN_COLOR_LOG",
    "ITEMGENERATOR.STICKS",
    "ITEMGENERATOR.PLATES",
    "PROPERTIES.CRYSTAL",
    "PROPERTIES.VALUABLE",
    "PROPERTIES.HAS_TOOL_STATS",
    "ITEMGENERATOR.PARTS"
  ],
  "handleMaterial": "any_garnet",
  "crushing": {
    "material": "any_garnet",
    "amount": 648648000
  },
  "pulver": {
    "material": "any_garnet",
    "amount": 648648000
  },
  "smelting": {
    "material": "any_garnet",
    "amount": 648648000
  },
  "solidifying": {
    "material": "any_garnet",
    "amount": 648648000
  },
  "smashing": {
    "material": "any_garnet",
    "amount": 648648000
  },
  "cutting": {
    "material": "any_garnet",
    "amount": 648648000
  },
  "working": {
    "material": "any_garnet",
    "amount": 648648000
  },
  "forging": {
    "material": "any_garnet",
    "amount": 648648000
  },
  "burning": {
    "material": "any_garnet",
    "amount": 0
  },
  "bending": {
    "material": "any_garnet",
    "amount": 648648000
  },
  "compressing": {
    "material": "any_garnet",
    "amount": 648648000
  },
  "textureSet": "RUBY"
}