{
  "name": "any_calcite",
  "fullName": "Calcite",
  "oreMultiplier": 1,
  "oreProgressingMultiplier": 1,
  "toolTypes": 0,
  "toolQuality": 0,
  "burnTime": 0,
  "toolDurability": 0,
  "toolSpeed": 1,
  "heatDamage": 0,
  "hidden": false,
  "gramPerCubicCentimeter": 0.7622574,
  "colorSolid": -334116,
  "colorLiquid": -334116,
  "colorGas": -334116,
  "colorPlasma": -334116,
  "meltingPoint": 1612,
  "boilingPoint": 3000,
  "plasmaPoint": 300000,
  "neutrons": 9,
  "protons": 9,
  "electrons": 9,
  "mass": 20,
  "byProducts": [],
  "alloyComponentReferences": [],
  "tags": [
    "PROPERTIES.INVALID_MATERIAL",
    "PROPERTIES.UNUSED_MATERIAL",
    "PROPERTIES.IGNORE_IN_COLOR_LOG",
    "PROCESSING.MELTING",
    "PROPERTIES.BRITTLE",
    "PROPERTIES.STONE",
    "PROCESSING.UNRECYCLABLE",
    "PROPERTIES.NO_ADVANCED_TOOLS"
  ],
  "handleMaterial": "any_calcite",
  "crushing": {
    "material": "any_calcite",
    "amount": 648648000
  },
  "pulver": {
    "material": "calcite",
    "amount": 648648000
  },
  "smelting": {
    "material": "calcite",
    "amount": 648648000
  },
  "solidifying": {
    "material": "calcite",
    "amount": 648648000
  },
  "smashing": {
    "material": "calcite",
    "amount": 648648000
  },
  "cutting": {
    "material": "calcite",
    "amount": 648648000
  },
  "working": {
    "material": "calcite",
    "amount": 648648000
  },
  "forging": {
    "material": "calcite",
    "amount": 648648000
  },
  "burning": {
    "material": "calcite",
    "amount": 0
  },
  "bending": {
    "material": "calcite",
    "amount": 648648000
  },
  "compressing": {
    "material": "calcite",
    "amount": 648648000
  },
  "textureSet": "DULL"
}