{
  "name": "any_grains",
  "fullName": "Grains",
  "oreMultiplier": 1,
  "oreProgressingMultiplier": 1,
  "toolTypes": 0,
  "toolQuality": 0,
  "burnTime": 0,
  "toolDurability": 0,
  "toolSpeed": 1,
  "heatDamage": 0,
  "hidden": false,
  "gramPerCubicCentimeter": 1,
  "colorSolid": -60,
  "colorLiquid": -60,
  "colorGas": -60,
  "colorPlasma": -60,
  "meltingPoint": 1000,
  "boilingPoint": 3000,
  "plasmaPoint": 10000,
  "neutrons": 55,
  "protons": 43,
  "electrons": 43,
  "mass": 98,
  "byProducts": [],
  "alloyComponentReferences": [],
  "tags": [
    "PROPERTIES.INVALID_MATERIAL",
    "PROPERTIES.UNUSED_MATERIAL",
    "PROPERTIES.IGNORE_IN_COLOR_LOG",
    "PROCESSING.MELTING",
    "PROPERTIES.FOOD",
    "PROPERTIES.NO_ADVANCED_TOOLS",
    "PROPERTIES.FLAMMABLE",
    "PROCESSING.MORTAR_GRINDABLE"
  ],
  "handleMaterial": "any_grains",
  "crushing": {
    "material": "any_grains",
    "amount": 648648000
  },
  "pulver": {
    "material": "wheat",
    "amount": 648648000
  },
  "smelting": {
    "material": "wheat",
    "amount": 648648000
  },
  "solidifying": {
    "material": "wheat",
    "amount": 648648000
  },
  "smashing": {
    "material": "wheat",
    "amount": 648648000
  },
  "cutting": {
    "material": "wheat",
    "amount": 648648000
  },
  "working": {
    "material": "wheat",
    "amount": 648648000
  },
  "forging": {
    "material": "wheat",
    "amount": 648648000
  },
  "burning": {
    "material": "ashes",
    "amount": 72072000
  },
  "bending": {
    "material": "wheat",
    "amount": 648648000
  },
  "compressing": {
    "material": "wheat",
    "amount": 648648000
  },
  "textureSet": "POWDER"
}