{
  "name": "any_emerald",
  "fullName": "Emerald",
  "oreMultiplier": 1,
  "oreProgressingMultiplier": 1,
  "toolTypes": 3,
  "toolQuality": 2,
  "burnTime": 0,
  "toolDurability": 128,
  "toolSpeed": 9,
  "heatDamage": 0,
  "hidden": false,
  "gramPerCubicCentimeter": 0.8603214469347471,
  "colorSolid": 2136014672,
  "colorLiquid": 2136014672,
  "colorGas": 2136014672,
  "colorPlasma": 2136014672,
  "meltingPoint": 1803,
  "boilingPoint": 2851,
  "plasmaPoint": 285193,
  "neutrons": 9,
  "protons": 9,
  "electrons": 9,
  "mass": 18,
  "byProducts": [],
  "alloyComponentReferences": [],
  "tags": [
    "PROPERTIES.INVALID_MATERIAL",
    "PROPERTIES.UNUSED_MATERIAL",
    "PROPERTIES.IGNORE_IN_COLOR_LOG",
    "PROCESSING.MELTING",
    "ITEMGENERATOR.STICKS",
    "ITEMGENERATOR.PLATES",
    "PROPERTIES.CRYSTAL",
    "PROPERTIES.VALUABLE",
    "PROPERTIES.HAS_TOOL_STATS",
    "ITEMGENERATOR.PARTS"
  ],
  "handleMaterial": "any_emerald",
  "crushing": {
    "material": "any_emerald",
    "amount": 648648000
  },
  "pulver": {
    "material": "emerald",
    "amount": 648648000
  },
  "smelting": {
    "material": "beryllium",
    "amount": 18018000
  },
  "solidifying": {
    "material": "emerald",
    "amount": 648648000
  },
  "smashing": {
    "material": "emerald",
    "amount": 648648000
  },
  "cutting": {
    "material": "emerald",
    "amount": 648648000
  },
  "working": {
    "material": "emerald",
    "amount": 648648000
  },
  "forging": {
    "material": "emerald",
    "amount": 648648000
  },
  "burning": {
    "material": "emerald",
    "amount": 0
  },
  "bending": {
    "material": "emerald",
    "amount": 648648000
  },
  "compressing": {
    "material": "emerald",
    "amount": 648648000
  },
  "textureSet": "EMERALD"
}