{
  "name": "any_clay",
  "fullName": "Clay",
  "oreMultiplier": 1,
  "oreProgressingMultiplier": 1,
  "toolTypes": 0,
  "toolQuality": 0,
  "burnTime": 0,
  "toolDurability": 0,
  "toolSpeed": 1,
  "heatDamage": 0,
  "hidden": false,
  "gramPerCubicCentimeter": 0.8844409714285715,
  "colorSolid": -1668021,
  "colorLiquid": -1668021,
  "colorGas": -1668021,
  "colorPlasma": -1668021,
  "meltingPoint": 2000,
  "boilingPoint": 4000,
  "plasmaPoint": 400000,
  "neutrons": 9,
  "protons": 9,
  "electrons": 9,
  "mass": 18,
  "byProducts": [],
  "alloyComponentReferences": [],
  "tags": [
    "PROPERTIES.INVALID_MATERIAL",
    "PROPERTIES.UNUSED_MATERIAL",
    "PROPERTIES.IGNORE_IN_COLOR_LOG",
    "PROCESSING.MELTING",
    "PROPERTIES.NO_ADVANCED_TOOLS"
  ],
  "handleMaterial": "any_clay",
  "crushing": {
    "material": "any_clay",
    "amount": 648648000
  },
  "pulver": {
    "material": "clay",
    "amount": 648648000
  },
  "smelting": {
    "material": "ceramic",
    "amount": 648648000
  },
  "solidifying": {
    "material": "clay",
    "amount": 648648000
  },
  "smashing": {
    "material": "clay",
    "amount": 648648000
  },
  "cutting": {
    "material": "clay",
    "amount": 648648000
  },
  "working": {
    "material": "clay",
    "amount": 648648000
  },
  "forging": {
    "material": "clay",
    "amount": 648648000
  },
  "burning": {
    "material": "clay",
    "amount": 0
  },
  "bending": {
    "material": "clay",
    "amount": 648648000
  },
  "compressing": {
    "material": "clay",
    "amount": 648648000
  },
  "textureSet": "ROUGH"
}