{
  "name": "apatite",
  "fullName": "Apatite",
  "originalMod": "Forestry",
  "oreMultiplier": 4,
  "oreProgressingMultiplier": 1,
  "toolTypes": 0,
  "toolQuality": 0,
  "burnTime": 0,
  "toolDurability": 0,
  "toolSpeed": 1,
  "heatDamage": 0,
  "hidden": false,
  "gramPerCubicCentimeter": 0.9776270666666667,
  "colorSolid": -8866566,
  "colorLiquid": -8866566,
  "colorGas": -8866566,
  "colorPlasma": -8866566,
  "meltingPoint": 771,
  "boilingPoint": 1269,
  "plasmaPoint": 126933,
  "neutrons": 16,
  "protons": 16,
  "electrons": 16,
  "mass": 32,
  "byProducts": [
    "phosphorite",
    "phosphorus",
    "fluorite",
    "phosphate"
  ],
  "alloyComponentReferences": [],
  "tags": [
    "COMPOUNDS.DECOMPOSABLE",
    "PROPERTIES.CRYSTAL",
    "ITEMGENERATOR.GEMS",
    "PROCESSING.ELECTROLYSABLE",
    "ITEMGENERATOR.ORES",
    "ITEMGENERATOR.DUSTS",
    "PROPERTIES.FLAMMABLE",
    "PROCESSING.UUM_SYNTHESISABLE",
    "PROCESSING.MORTAR_GRINDABLE",
    "PROPERTIES.BRITTLE",
    "ITEMGENERATOR.STICKS",
    "PROCESSING.CRYSTALLISABLE",
    "ITEMGENERATOR.ARMORS",
    "ITEMGENERATOR.PLATES",
    "ITEMGENERATOR.PLANTS",
    "ITEMGENERATOR.PROJECTILES",
    "ITEMGENERATOR.DIRTY_DUSTS"
  ],
  "components": {
    "stacks": [
      {
        "material": "calcium",
        "amount": 3243240000
      },
      {
        "material": "phosphate",
        "amount": 1945944000
      },
      {
        "material": "chlorine",
        "amount": 648648000
      }
    ],
    "dividedStacks": [
      {
        "material": "calcium",
        "amount": 360360000
      },
      {
        "material": "phosphate",
        "amount": 216216000
      },
      {
        "material": "chlorine",
        "amount": 72072000
      }
    ],
    "divider": 9
  },
  "tooltipChemical": "Ca₅(PO₄)₃,₅Cl",
  "handleMaterial": "any_wood_or_plastic",
  "crushing": {
    "material": "apatite",
    "amount": 648648000
  },
  "pulver": {
    "material": "apatite",
    "amount": 648648000
  },
  "smelting": {
    "material": "apatite",
    "amount": 648648000
  },
  "solidifying": {
    "material": "apatite",
    "amount": 648648000
  },
  "smashing": {
    "material": "apatite",
    "amount": 648648000
  },
  "cutting": {
    "material": "apatite",
    "amount": 648648000
  },
  "working": {
    "material": "apatite",
    "amount": 648648000
  },
  "forging": {
    "material": "apatite",
    "amount": 648648000
  },
  "burning": {
    "material": "apatite",
    "amount": 0
  },
  "bending": {
    "material": "apatite",
    "amount": 648648000
  },
  "compressing": {
    "material": "apatite",
    "amount": 648648000
  },
  "textureSet": "DIAMOND"
}