{
  "name": "aquamarine",
  "fullName": "Aquamarine",
  "originalMod": "gregapi",
  "oreMultiplier": 1,
  "oreProgressingMultiplier": 1,
  "toolTypes": 3,
  "toolQuality": 2,
  "burnTime": 0,
  "toolDurability": 128,
  "toolSpeed": 9,
  "heatDamage": 0,
  "hidden": false,
  "gramPerCubicCentimeter": 0.8603214469347471,
  "colorSolid": 2143870207,
  "colorLiquid": 2143870207,
  "colorGas": 2143870207,
  "colorPlasma": 2143870207,
  "meltingPoint": 1803,
  "boilingPoint": 2851,
  "plasmaPoint": 285193,
  "neutrons": 9,
  "protons": 9,
  "electrons": 9,
  "mass": 18,
  "byProducts": [
    "beryllium",
    "alumina",
    "emerald",
    "morganite",
    "goshenite",
    "bixbite",
    "heliodor",
    "maxixe"
  ],
  "alloyComponentReferences": [],
  "tags": [
    "COMPOUNDS.DECOMPOSABLE",
    "PROPERTIES.CRYSTAL",
    "ITEMGENERATOR.GEMS",
    "PROPERTIES.VALUABLE",
    "ITEMGENERATOR.ORES",
    "PROCESSING.ELECTROLYSABLE",
    "ITEMGENERATOR.DUSTS",
    "PROCESSING.UUM_SYNTHESISABLE",
    "ITEMGENERATOR.PARTS",
    "PROCESSING.MELTING",
    "ITEMGENERATOR.LENSES",
    "ITEMGENERATOR.STICKS",
    "ITEMGENERATOR.ARMORS",
    "PROPERTIES.TRANSPARENT",
    "ITEMGENERATOR.PLATES",
    "ITEMGENERATOR.PLANTS",
    "ITEMGENERATOR.PROJECTILES",
    "PROPERTIES.HAS_TOOL_STATS",
    "ITEMGENERATOR.DIRTY_DUSTS"
  ],
  "components": {
    "stacks": [
      {
        "material": "alumina",
        "amount": 3243240000
      },
      {
        "material": "beryllium",
        "amount": 1945944000
      },
      {
        "material": "silicon_dioxide",
        "amount": 11675664000
      },
      {
        "material": "oxygen",
        "amount": 1945944000
      }
    ],
    "dividedStacks": [
      {
        "material": "alumina",
        "amount": 111835862
      },
      {
        "material": "beryllium",
        "amount": 67101517
      },
      {
        "material": "silicon_dioxide",
        "amount": 402609103
      },
      {
        "material": "oxygen",
        "amount": 67101517
      }
    ],
    "divider": 29
  },
  "tooltipChemical": "(Al₂O₃)Be₃(SiO₂)₆O₃",
  "handleMaterial": "any_wood_or_plastic",
  "crushing": {
    "material": "aquamarine",
    "amount": 648648000
  },
  "pulver": {
    "material": "aquamarine",
    "amount": 648648000
  },
  "smelting": {
    "material": "beryllium",
    "amount": 18018000
  },
  "solidifying": {
    "material": "aquamarine",
    "amount": 648648000
  },
  "smashing": {
    "material": "aquamarine",
    "amount": 648648000
  },
  "cutting": {
    "material": "aquamarine",
    "amount": 648648000
  },
  "working": {
    "material": "aquamarine",
    "amount": 648648000
  },
  "forging": {
    "material": "aquamarine",
    "amount": 648648000
  },
  "burning": {
    "material": "aquamarine",
    "amount": 0
  },
  "bending": {
    "material": "aquamarine",
    "amount": 648648000
  },
  "compressing": {
    "material": "aquamarine",
    "amount": 648648000
  },
  "textureSet": "EMERALD"
}