{
  "name": "aqua_regia",
  "fullName": "Aqua Regia",
  "originalMod": "factorization",
  "oreMultiplier": 1,
  "oreProgressingMultiplier": 1,
  "toolTypes": 0,
  "toolQuality": 0,
  "burnTime": 0,
  "toolDurability": 0,
  "toolSpeed": 1,
  "heatDamage": 0,
  "hidden": false,
  "gramPerCubicCentimeter": 0.0014494615384615384,
  "colorSolid": -12517568,
  "colorLiquid": -12517568,
  "colorGas": -12517568,
  "colorPlasma": -12517568,
  "meltingPoint": 200,
  "boilingPoint": 400,
  "plasmaPoint": 40000,
  "neutrons": 7,
  "protons": 7,
  "electrons": 7,
  "mass": 15,
  "byProducts": [],
  "alloyComponentReferences": [],
  "tags": [
    "PROPERTIES.ACID",
    "COMPOUNDS.DECOMPOSABLE",
    "ITEMGENERATOR.CONTAINERS_FLUID",
    "ITEMGENERATOR.LIQUID",
    "ITEMGENERATOR.PLANTS",
    "PROCESSING.CENTRIFUGABLE",
    "ITEMGENERATOR.CONTAINERS",
    "PROCESSING.UUM_SYNTHESISABLE"
  ],
  "components": {
    "stacks": [
      {
        "material": "nitric_acid",
        "amount": 3243240000
      },
      {
        "material": "hydrochloric_acid",
        "amount": 5189184000
      }
    ],
    "dividedStacks": [
      {
        "material": "nitric_acid",
        "amount": 249480000
      },
      {
        "material": "hydrochloric_acid",
        "amount": 399168000
      }
    ],
    "divider": 13
  },
  "tooltipChemical": "(HNO₃)(HCl)₄",
  "handleMaterial": "any_wood_or_plastic",
  "crushing": {
    "material": "aqua_regia",
    "amount": 648648000
  },
  "pulver": {
    "material": "aqua_regia",
    "amount": 648648000
  },
  "smelting": {
    "material": "aqua_regia",
    "amount": 648648000
  },
  "solidifying": {
    "material": "aqua_regia",
    "amount": 648648000
  },
  "smashing": {
    "material": "aqua_regia",
    "amount": 648648000
  },
  "cutting": {
    "material": "aqua_regia",
    "amount": 648648000
  },
  "working": {
    "material": "aqua_regia",
    "amount": 648648000
  },
  "forging": {
    "material": "aqua_regia",
    "amount": 648648000
  },
  "burning": {
    "material": "aqua_regia",
    "amount": 0
  },
  "bending": {
    "material": "aqua_regia",
    "amount": 648648000
  },
  "compressing": {
    "material": "aqua_regia",
    "amount": 648648000
  },
  "textureSet": "FLUID"
}