{
  "name": "aqua_middle",
  "fullName": "Aqua Middle",
  "originalMod": "thebetweenlands",
  "oreMultiplier": 1,
  "oreProgressingMultiplier": 1,
  "toolTypes": 0,
  "toolQuality": 0,
  "burnTime": 0,
  "toolDurability": 0,
  "toolSpeed": 1,
  "heatDamage": 0,
  "hidden": true,
  "gramPerCubicCentimeter": 1,
  "colorSolid": 2133996272,
  "colorLiquid": 2133996272,
  "colorGas": 2133996272,
  "colorPlasma": 2133996272,
  "meltingPoint": 1000,
  "boilingPoint": 3000,
  "plasmaPoint": 10000,
  "neutrons": 55,
  "protons": 43,
  "electrons": 43,
  "mass": 98,
  "byProducts": [],
  "alloyComponentReferences": [],
  "tags": [
    "ITEMGENERATOR.GEMS",
    "ITEMGENERATOR.ORES",
    "PROPERTIES.BETWEENLANDS",
    "ITEMGENERATOR.DUSTS",
    "PROCESSING.MORTAR_GRINDABLE",
    "PROPERTIES.GLOWING",
    "PROPERTIES.LIGHTING",
    "ITEMGENERATOR.LENSES",
    "PROPERTIES.BRITTLE",
    "ITEMGENERATOR.STICKS",
    "ITEMGENERATOR.ARMORS",
    "ITEMGENERATOR.PLATES",
    "ITEMGENERATOR.PLANTS",
    "ITEMGENERATOR.PROJECTILES",
    "ITEMGENERATOR.DIRTY_DUSTS"
  ],
  "handleMaterial": "any_wood_or_plastic",
  "crushing": {
    "material": "aqua_middle",
    "amount": 648648000
  },
  "pulver": {
    "material": "aqua_middle",
    "amount": 648648000
  },
  "smelting": {
    "material": "aqua_middle",
    "amount": 648648000
  },
  "solidifying": {
    "material": "aqua_middle",
    "amount": 648648000
  },
  "smashing": {
    "material": "aqua_middle",
    "amount": 648648000
  },
  "cutting": {
    "material": "aqua_middle",
    "amount": 648648000
  },
  "working": {
    "material": "aqua_middle",
    "amount": 648648000
  },
  "forging": {
    "material": "aqua_middle",
    "amount": 648648000
  },
  "burning": {
    "material": "aqua_middle",
    "amount": 0
  },
  "bending": {
    "material": "aqua_middle",
    "amount": 648648000
  },
  "compressing": {
    "material": "aqua_middle",
    "amount": 648648000
  },
  "textureSet": "DIAMOND"
}