{
  "name": "arcane_ashes",
  "fullName": "Arcane Ashes",
  "originalMod": "arsmagica2",
  "oreMultiplier": 1,
  "oreProgressingMultiplier": 1,
  "toolTypes": 0,
  "toolQuality": 0,
  "burnTime": 0,
  "toolDurability": 0,
  "toolSpeed": 1,
  "heatDamage": 0,
  "hidden": true,
  "gramPerCubicCentimeter": 1,
  "colorSolid": -6933836,
  "colorLiquid": -6933836,
  "colorGas": -6933836,
  "colorPlasma": -6933836,
  "meltingPoint": 1000,
  "boilingPoint": 3000,
  "plasmaPoint": 10000,
  "neutrons": 55,
  "protons": 43,
  "electrons": 43,
  "mass": 98,
  "byProducts": [],
  "alloyComponentReferences": [],
  "tags": [
    "ITEMGENERATOR.PLANTS",
    "PROPERTIES.MAGICAL",
    "ITEMGENERATOR.DUSTS",
    "PROCESSING.MORTAR_GRINDABLE"
  ],
  "handleMaterial": "any_wood_or_plastic",
  "crushing": {
    "material": "arcane_ashes",
    "amount": 648648000
  },
  "pulver": {
    "material": "arcane_ashes",
    "amount": 648648000
  },
  "smelting": {
    "material": "arcane_ashes",
    "amount": 648648000
  },
  "solidifying": {
    "material": "arcane_ashes",
    "amount": 648648000
  },
  "smashing": {
    "material": "arcane_ashes",
    "amount": 648648000
  },
  "cutting": {
    "material": "arcane_ashes",
    "amount": 648648000
  },
  "working": {
    "material": "arcane_ashes",
    "amount": 648648000
  },
  "forging": {
    "material": "arcane_ashes",
    "amount": 648648000
  },
  "burning": {
    "material": "arcane_ashes",
    "amount": 0
  },
  "bending": {
    "material": "arcane_ashes",
    "amount": 648648000
  },
  "compressing": {
    "material": "arcane_ashes",
    "amount": 648648000
  },
  "textureSet": "FINE"
}