{
  "name": "argon",
  "fullName": "Argon",
  "originalMod": "gregapi",
  "oreMultiplier": 1,
  "oreProgressingMultiplier": 1,
  "toolTypes": 0,
  "toolQuality": 0,
  "burnTime": 0,
  "toolDurability": 0,
  "toolSpeed": 1,
  "heatDamage": 0,
  "hidden": false,
  "gramPerCubicCentimeter": 0.0017837,
  "colorSolid": 251723520,
  "colorLiquid": 251723520,
  "colorGas": 251723520,
  "colorPlasma": 251723520,
  "meltingPoint": 83,
  "boilingPoint": 87,
  "plasmaPoint": 8700,
  "neutrons": 22,
  "protons": 18,
  "electrons": 18,
  "mass": 40,
  "byProducts": [],
  "alloyComponentReferences": [],
  "tags": [
    "ATOMIC.NONMETAL",
    "ITEMGENERATOR.CONTAINERS_GAS",
    "ATOMIC.NOBLE_GAS",
    "ATOMIC.ELEMENT",
    "ITEMGENERATOR.GASSES",
    "PROCESSING.UUM_SYNTHESISABLE",
    "PROCESSING.FUSION_SYNTHESISABLE"
  ],
  "tooltipChemical": "Ar",
  "handleMaterial": "any_wood_or_plastic",
  "crushing": {
    "material": "argon",
    "amount": 648648000
  },
  "pulver": {
    "material": "argon",
    "amount": 648648000
  },
  "smelting": {
    "material": "argon",
    "amount": 648648000
  },
  "solidifying": {
    "material": "argon",
    "amount": 648648000
  },
  "smashing": {
    "material": "argon",
    "amount": 648648000
  },
  "cutting": {
    "material": "argon",
    "amount": 648648000
  },
  "working": {
    "material": "argon",
    "amount": 648648000
  },
  "forging": {
    "material": "argon",
    "amount": 648648000
  },
  "burning": {
    "material": "argon",
    "amount": 0
  },
  "bending": {
    "material": "argon",
    "amount": 648648000
  },
  "compressing": {
    "material": "argon",
    "amount": 648648000
  },
  "textureSet": "SHINY"
}