{
  "name": "arsenopyrite",
  "fullName": "Arsenopyrite",
  "originalMod": "gregapi",
  "oreMultiplier": 1,
  "oreProgressingMultiplier": 1,
  "toolTypes": 0,
  "toolQuality": 0,
  "burnTime": 0,
  "toolDurability": 16,
  "toolSpeed": 1,
  "heatDamage": 0,
  "hidden": false,
  "gramPerCubicCentimeter": 5.239,
  "colorSolid": -331746,
  "colorLiquid": -331746,
  "colorGas": -331746,
  "colorPlasma": -331746,
  "meltingPoint": 1028,
  "boilingPoint": 1647,
  "plasmaPoint": 164700,
  "neutrons": 29,
  "protons": 24,
  "electrons": 24,
  "mass": 54,
  "byProducts": [
    "gold",
    "fluorite",
    "cassiterite",
    "huebnerite"
  ],
  "alloyComponentReferences": [],
  "tags": [
    "COMPOUNDS.DECOMPOSABLE",
    "PROCESSING.BLACKLISTED_SMELTER",
    "ITEMGENERATOR.PLANTS",
    "ITEMGENERATOR.ORES",
    "PROPERTIES.NO_ADVANCED_TOOLS",
    "ITEMGENERATOR.DUSTS",
    "ITEMGENERATOR.DIRTY_DUSTS",
    "PROCESSING.UUM_SYNTHESISABLE",
    "PROCESSING.MORTAR_GRINDABLE"
  ],
  "components": {
    "stacks": [
      {
        "material": "iron",
        "amount": 648648000
      },
      {
        "material": "arsenic",
        "amount": 648648000
      },
      {
        "material": "sulfur",
        "amount": 648648000
      }
    ],
    "dividedStacks": [
      {
        "material": "iron",
        "amount": 216216000
      },
      {
        "material": "arsenic",
        "amount": 216216000
      },
      {
        "material": "sulfur",
        "amount": 216216000
      }
    ],
    "divider": 3
  },
  "tooltipChemical": "FeAsS",
  "handleMaterial": "any_wood_or_plastic",
  "crushing": {
    "material": "arsenopyrite",
    "amount": 648648000
  },
  "pulver": {
    "material": "arsenopyrite",
    "amount": 648648000
  },
  "smelting": {
    "material": "arsenopyrite",
    "amount": 648648000
  },
  "solidifying": {
    "material": "arsenopyrite",
    "amount": 648648000
  },
  "smashing": {
    "material": "arsenopyrite",
    "amount": 648648000
  },
  "cutting": {
    "material": "arsenopyrite",
    "amount": 648648000
  },
  "working": {
    "material": "arsenopyrite",
    "amount": 648648000
  },
  "forging": {
    "material": "arsenopyrite",
    "amount": 648648000
  },
  "burning": {
    "material": "arsenopyrite",
    "amount": 0
  },
  "bending": {
    "material": "arsenopyrite",
    "amount": 648648000
  },
  "compressing": {
    "material": "arsenopyrite",
    "amount": 648648000
  },
  "textureSet": "CUBE_SHINY"
}