{
  "name": "arsenic",
  "fullName": "Arsenic",
  "originalMod": "gregapi",
  "oreMultiplier": 1,
  "oreProgressingMultiplier": 1,
  "toolTypes": 2,
  "toolQuality": 1,
  "burnTime": 0,
  "toolDurability": 128,
  "toolSpeed": 4,
  "heatDamage": 0,
  "hidden": false,
  "gramPerCubicCentimeter": 5.776,
  "colorSolid": -10000554,
  "colorLiquid": -10000554,
  "colorGas": -10000554,
  "colorPlasma": -10000554,
  "meltingPoint": 887,
  "boilingPoint": 1090,
  "plasmaPoint": 109000,
  "neutrons": 42,
  "protons": 33,
  "electrons": 33,
  "mass": 75,
  "byProducts": [],
  "alloyComponentReferences": [],
  "tags": [
    "ITEMGENERATOR.DENSEPLATES",
    "ATOMIC.ELEMENT",
    "ATOMIC.METALLOID",
    "ATOMIC.PNICTOGEN",
    "PROPERTIES.NO_ADVANCED_TOOLS",
    "PROPERTIES.HAS_TOOL_STATS",
    "ITEMGENERATOR.ORES",
    "PROCESSING.EXTRUDABLE",
    "PROCESSING.EXTRUDABLE_SIMPLE",
    "ITEMGENERATOR.DUSTS",
    "PROCESSING.UUM_SYNTHESISABLE",
    "ITEMGENERATOR.PARTS",
    "PROCESSING.MORTAR_GRINDABLE",
    "PROCESSING.SMITHABLE",
    "PROCESSING.FURNACE",
    "ITEMGENERATOR.FOILS",
    "PROCESSING.MELTING",
    "ITEMGENERATOR.STICKS",
    "ITEMGENERATOR.ARMORS",
    "ITEMGENERATOR.INGOTS",
    "ITEMGENERATOR.PLATES",
    "ITEMGENERATOR.PLANTS",
    "ITEMGENERATOR.PROJECTILES",
    "ITEMGENERATOR.INGOTS_HOT",
    "ITEMGENERATOR.DIRTY_DUSTS",
    "ITEMGENERATOR.MULTIINGOTS",
    "ITEMGENERATOR.MULTIPLATES"
  ],
  "tooltipChemical": "As",
  "handleMaterial": "any_wood_or_plastic",
  "crushing": {
    "material": "arsenic",
    "amount": 648648000
  },
  "pulver": {
    "material": "arsenic",
    "amount": 648648000
  },
  "smelting": {
    "material": "arsenic",
    "amount": 648648000
  },
  "solidifying": {
    "material": "arsenic",
    "amount": 648648000
  },
  "smashing": {
    "material": "arsenic",
    "amount": 648648000
  },
  "cutting": {
    "material": "arsenic",
    "amount": 648648000
  },
  "working": {
    "material": "arsenic",
    "amount": 648648000
  },
  "forging": {
    "material": "arsenic",
    "amount": 648648000
  },
  "burning": {
    "material": "arsenic",
    "amount": 0
  },
  "bending": {
    "material": "arsenic",
    "amount": 648648000
  },
  "compressing": {
    "material": "arsenic",
    "amount": 648648000
  },
  "textureSet": "SHINY"
}