{
  "name": "asbestos",
  "fullName": "Asbestos",
  "originalMod": "gregapi",
  "oreMultiplier": 1,
  "oreProgressingMultiplier": 1,
  "toolTypes": 0,
  "toolQuality": 0,
  "burnTime": 0,
  "toolDurability": 0,
  "toolSpeed": 1,
  "heatDamage": 0,
  "hidden": false,
  "gramPerCubicCentimeter": 0.8824001666666668,
  "colorSolid": -1644826,
  "colorLiquid": -1644826,
  "colorGas": -1644826,
  "colorPlasma": -1644826,
  "meltingPoint": 915,
  "boilingPoint": 1439,
  "plasmaPoint": 143983,
  "neutrons": 7,
  "protons": 7,
  "electrons": 7,
  "mass": 15,
  "byProducts": [
    "asbestos",
    "silicon_dioxide",
    "magnesium"
  ],
  "alloyComponentReferences": [],
  "tags": [
    "COMPOUNDS.DECOMPOSABLE",
    "ITEMGENERATOR.PLANTS",
    "ITEMGENERATOR.ORES",
    "PROCESSING.ELECTROLYSABLE",
    "ITEMGENERATOR.DUSTS",
    "ITEMGENERATOR.DIRTY_DUSTS",
    "PROCESSING.UUM_SYNTHESISABLE"
  ],
  "components": {
    "stacks": [
      {
        "material": "magnesium",
        "amount": 1945944000
      },
      {
        "material": "silicon_dioxide",
        "amount": 3891888000
      },
      {
        "material": "water",
        "amount": 3891888000
      },
      {
        "material": "oxygen",
        "amount": 1945944000
      }
    ],
    "dividedStacks": [
      {
        "material": "magnesium",
        "amount": 108108000
      },
      {
        "material": "silicon_dioxide",
        "amount": 216216000
      },
      {
        "material": "water",
        "amount": 216216000
      },
      {
        "material": "oxygen",
        "amount": 108108000
      }
    ],
    "divider": 18
  },
  "tooltipChemical": "Mg₃(SiO₂)₂(H₂O)₂O₃",
  "handleMaterial": "any_wood_or_plastic",
  "crushing": {
    "material": "asbestos",
    "amount": 648648000
  },
  "pulver": {
    "material": "asbestos",
    "amount": 648648000
  },
  "smelting": {
    "material": "asbestos",
    "amount": 648648000
  },
  "solidifying": {
    "material": "asbestos",
    "amount": 648648000
  },
  "smashing": {
    "material": "asbestos",
    "amount": 648648000
  },
  "cutting": {
    "material": "asbestos",
    "amount": 648648000
  },
  "working": {
    "material": "asbestos",
    "amount": 648648000
  },
  "forging": {
    "material": "asbestos",
    "amount": 648648000
  },
  "burning": {
    "material": "asbestos",
    "amount": 0
  },
  "bending": {
    "material": "asbestos",
    "amount": 648648000
  },
  "compressing": {
    "material": "asbestos",
    "amount": 648648000
  },
  "textureSet": "DULL"
}